8000	,	0.0163054
8001	,	0.0177444
8002	,	0.0202601
8003	,	0.0207657
8004	,	0.0229842
8005	,	0.0228506
8006	,	0.023845
8007	,	0.0278082
8008	,	0.0291273
8009	,	0.0299698
8010	,	0.032252
8011	,	0.0388955
8012	,	0.0419742
8013	,	0.0466144
8014	,	0.052207
8015	,	0.0576156
8016	,	0.0656867
8017	,	0.0751331
8018	,	0.0878665
8019	,	0.106131
8020	,	0.133478
8020.01	,	0.126708
8020.02	,	0.139787
8020.03	,	0.12789
8020.04	,	0.155306
8020.05	,	0.127873
8020.06	,	0.126863
8020.07	,	0.128562
8020.08	,	0.140031
8020.09	,	0.125984
8020.1	,	0.143417
8020.11	,	0.140614
8020.12	,	0.13658
8020.13	,	0.1298
8020.14	,	0.134801
8020.15	,	0.132371
8020.16	,	0.139218
8020.17	,	0.138212
8020.18	,	0.143862
8020.19	,	0.148023
8020.2	,	0.145776
8020.21	,	0.144861
8020.22	,	0.134575
8020.23	,	0.153839
8020.24	,	0.142942
8020.25	,	0.142069
8020.26	,	0.144538
8020.27	,	0.143157
8020.28	,	0.1504
8020.29	,	0.144059
8020.3	,	0.14606
8020.31	,	0.142852
8020.32	,	0.138686
8020.33	,	0.144129
8020.34	,	0.149584
8020.35	,	0.145243
8020.36	,	0.154447
8020.37	,	0.147685
8020.38	,	0.145344
8020.39	,	0.154481
8020.4	,	0.13794
8020.41	,	0.132002
8020.42	,	0.155469
8020.43	,	0.151197
8020.44	,	0.152898
8020.45	,	0.146694
8020.46	,	0.151006
8020.47	,	0.155918
8020.48	,	0.159797
8020.49	,	0.148446
8020.5	,	0.152406
8020.51	,	0.16578
8020.52	,	0.150356
8020.53	,	0.160236
8020.54	,	0.155668
8020.55	,	0.144116
8020.56	,	0.164982
8020.57	,	0.165346
8020.58	,	0.154877
8020.59	,	0.145625
8020.6	,	0.159384
8020.61	,	0.15105
8020.62	,	0.158963
8020.63	,	0.152883
8020.64	,	0.15591
8020.65	,	0.152475
8020.66	,	0.169829
8020.67	,	0.159548
8020.68	,	0.15414
8020.69	,	0.16
8020.7	,	0.165319
8020.71	,	0.173981
8020.72	,	0.156482
8020.73	,	0.158673
8020.74	,	0.158167
8020.75	,	0.159308
8020.76	,	0.161534
8020.77	,	0.17889
8020.78	,	0.171432
8020.79	,	0.163368
8020.8	,	0.171314
8020.81	,	0.170278
8020.82	,	0.161202
8020.83	,	0.176749
8020.84	,	0.163912
8020.85	,	0.168383
8020.86	,	0.158238
8020.87	,	0.179335
8020.88	,	0.177824
8020.89	,	0.174464
8020.9	,	0.171009
8020.91	,	0.175741
8020.92	,	0.169835
8020.93	,	0.179222
8020.94	,	0.169936
8020.95	,	0.174386
8020.96	,	0.174387
8020.97	,	0.172797
8020.98	,	0.181897
8020.99	,	0.180865
8021	,	0.182719
8021.01	,	0.173891
8021.02	,	0.167059
8021.03	,	0.183954
8021.04	,	0.192755
8021.05	,	0.177428
8021.06	,	0.181103
8021.07	,	0.173902
8021.08	,	0.170125
8021.09	,	0.177566
8021.1	,	0.181936
8021.11	,	0.176158
8021.12	,	0.187394
8021.13	,	0.177278
8021.14	,	0.188774
8021.15	,	0.190143
8021.16	,	0.182101
8021.17	,	0.199144
8021.18	,	0.189638
8021.19	,	0.193795
8021.2	,	0.181801
8021.21	,	0.193122
8021.22	,	0.173859
8021.23	,	0.187839
8021.24	,	0.194326
8021.25	,	0.198917
8021.26	,	0.186868
8021.27	,	0.200881
8021.28	,	0.193664
8021.29	,	0.188563
8021.3	,	0.191944
8021.31	,	0.200691
8021.32	,	0.186083
8021.33	,	0.192997
8021.34	,	0.202094
8021.35	,	0.197027
8021.36	,	0.194359
8021.37	,	0.187985
8021.38	,	0.201303
8021.39	,	0.196196
8021.4	,	0.201062
8021.41	,	0.199397
8021.42	,	0.195936
8021.43	,	0.192948
8021.44	,	0.19765
8021.45	,	0.209702
8021.46	,	0.214859
8021.47	,	0.199339
8021.48	,	0.205108
8021.49	,	0.203044
8021.5	,	0.196153
8021.51	,	0.202791
8021.52	,	0.208975
8021.53	,	0.202075
8021.54	,	0.209253
8021.55	,	0.202907
8021.56	,	0.207577
8021.57	,	0.229591
8021.58	,	0.216249
8021.59	,	0.21173
8021.6	,	0.221615
8021.61	,	0.219694
8021.62	,	0.210415
8021.63	,	0.213146
8021.64	,	0.213592
8021.65	,	0.212098
8021.66	,	0.223112
8021.67	,	0.212286
8021.68	,	0.222207
8021.69	,	0.226233
8021.7	,	0.212102
8021.71	,	0.226469
8021.72	,	0.228363
8021.73	,	0.21923
8021.74	,	0.2243
8021.75	,	0.231798
8021.76	,	0.23383
8021.77	,	0.235446
8021.78	,	0.224388
8021.79	,	0.22432
8021.8	,	0.228669
8021.81	,	0.223823
8021.82	,	0.229698
8021.83	,	0.22325
8021.84	,	0.231195
8021.85	,	0.226263
8021.86	,	0.245474
8021.87	,	0.241026
8021.88	,	0.241722
8021.89	,	0.245452
8021.9	,	0.24146
8021.91	,	0.240117
8021.92	,	0.239582
8021.93	,	0.23642
8021.94	,	0.244455
8021.95	,	0.241581
8021.96	,	0.244012
8021.97	,	0.241722
8021.98	,	0.24148
8021.99	,	0.257975
8022	,	0.236411
8022.01	,	0.236569
8022.02	,	0.243126
8022.03	,	0.235359
8022.04	,	0.256291
8022.05	,	0.246631
8022.06	,	0.258749
8022.07	,	0.25455
8022.08	,	0.247509
8022.09	,	0.234677
8022.1	,	0.256212
8022.11	,	0.252069
8022.12	,	0.244013
8022.13	,	0.259119
8022.14	,	0.259194
8022.15	,	0.264873
8022.16	,	0.269016
8022.17	,	0.251629
8022.18	,	0.259174
8022.19	,	0.249163
8022.2	,	0.276614
8022.21	,	0.264512
8022.22	,	0.262558
8022.23	,	0.264018
8022.24	,	0.265824
8022.25	,	0.281863
8022.26	,	0.265731
8022.27	,	0.271532
8022.28	,	0.263944
8022.29	,	0.277217
8022.3	,	0.259827
8022.31	,	0.282431
8022.32	,	0.283383
8022.33	,	0.277916
8022.34	,	0.268215
8022.35	,	0.274683
8022.36	,	0.280433
8022.37	,	0.278644
8022.38	,	0.279527
8022.39	,	0.280607
8022.4	,	0.285823
8022.41	,	0.283563
8022.42	,	0.285464
8022.43	,	0.286427
8022.44	,	0.277672
8022.45	,	0.288744
8022.46	,	0.28353
8022.47	,	0.288819
8022.48	,	0.291999
8022.49	,	0.278291
8022.5	,	0.294359
8022.51	,	0.306082
8022.52	,	0.299809
8022.53	,	0.289127
8022.54	,	0.30456
8022.55	,	0.286184
8022.56	,	0.303749
8022.57	,	0.305368
8022.58	,	0.30577
8022.59	,	0.313858
8022.6	,	0.302915
8022.61	,	0.310905
8022.62	,	0.308655
8022.63	,	0.309889
8022.64	,	0.317136
8022.65	,	0.304212
8022.66	,	0.312173
8022.67	,	0.314373
8022.68	,	0.304552
8022.69	,	0.325472
8022.7	,	0.314912
8022.71	,	0.312332
8022.72	,	0.325367
8022.73	,	0.32914
8022.74	,	0.318598
8022.75	,	0.332903
8022.76	,	0.330482
8022.77	,	0.329797
8022.78	,	0.316036
8022.79	,	0.34564
8022.8	,	0.339371
8022.81	,	0.324363
8022.82	,	0.328789
8022.83	,	0.337032
8022.84	,	0.342756
8022.85	,	0.336834
8022.86	,	0.341994
8022.87	,	0.340361
8022.88	,	0.331651
8022.89	,	0.341155
8022.9	,	0.335033
8022.91	,	0.339776
8022.92	,	0.337929
8022.93	,	0.355579
8022.94	,	0.348427
8022.95	,	0.350103
8022.96	,	0.332793
8022.97	,	0.363974
8022.98	,	0.373547
8022.99	,	0.362999
8023	,	0.350649
8023.01	,	0.371641
8023.02	,	0.37428
8023.03	,	0.361025
8023.04	,	0.365015
8023.05	,	0.362771
8023.06	,	0.368979
8023.07	,	0.367255
8023.08	,	0.355861
8023.09	,	0.375027
8023.1	,	0.368073
8023.11	,	0.36916
8023.12	,	0.359611
8023.13	,	0.358525
8023.14	,	0.381049
8023.15	,	0.363328
8023.16	,	0.380512
8023.17	,	0.38452
8023.18	,	0.397126
8023.19	,	0.404409
8023.2	,	0.384349
8023.21	,	0.39625
8023.22	,	0.396353
8023.23	,	0.40861
8023.24	,	0.407493
8023.25	,	0.397909
8023.26	,	0.393149
8023.27	,	0.412503
8023.28	,	0.407213
8023.29	,	0.413747
8023.3	,	0.406275
8023.31	,	0.399773
8023.32	,	0.414028
8023.33	,	0.406723
8023.34	,	0.412173
8023.35	,	0.427975
8023.36	,	0.411516
8023.37	,	0.420113
8023.38	,	0.421398
8023.39	,	0.41762
8023.4	,	0.410113
8023.41	,	0.400733
8023.42	,	0.412345
8023.43	,	0.429687
8023.44	,	0.42097
8023.45	,	0.441941
8023.46	,	0.430139
8023.47	,	0.429561
8023.48	,	0.441697
8023.49	,	0.439216
8023.5	,	0.448434
8023.51	,	0.468077
8023.52	,	0.44601
8023.53	,	0.443127
8023.54	,	0.44622
8023.55	,	0.449342
8023.56	,	0.448728
8023.57	,	0.450173
8023.58	,	0.457728
8023.59	,	0.462805
8023.6	,	0.462999
8023.61	,	0.453184
8023.62	,	0.486302
8023.63	,	0.485188
8023.64	,	0.459435
8023.65	,	0.469062
8023.66	,	0.489619
8023.67	,	0.480789
8023.68	,	0.471489
8023.69	,	0.496963
8023.7	,	0.476283
8023.71	,	0.475632
8023.72	,	0.486994
8023.73	,	0.490499
8023.74	,	0.497779
8023.75	,	0.500563
8023.76	,	0.49015
8023.77	,	0.500331
8023.78	,	0.506451
8023.79	,	0.514028
8023.8	,	0.495215
8023.81	,	0.508434
8023.82	,	0.496289
8023.83	,	0.537077
8023.84	,	0.504904
8023.85	,	0.523218
8023.86	,	0.541865
8023.87	,	0.519792
8023.88	,	0.522911
8023.89	,	0.520557
8023.9	,	0.550112
8023.91	,	0.532138
8023.92	,	0.541664
8023.93	,	0.533605
8023.94	,	0.556109
8023.95	,	0.535337
8023.96	,	0.537835
8023.97	,	0.547777
8023.98	,	0.539872
8023.99	,	0.557731
8024	,	0.553731
8024.01	,	0.571631
8024.02	,	0.549802
8024.03	,	0.566458
8024.04	,	0.558958
8024.05	,	0.573927
8024.06	,	0.564164
8024.07	,	0.575809
8024.08	,	0.563336
8024.09	,	0.580299
8024.1	,	0.57599
8024.11	,	0.576723
8024.12	,	0.571478
8024.13	,	0.598252
8024.14	,	0.587643
8024.15	,	0.588037
8024.16	,	0.604876
8024.17	,	0.60275
8024.18	,	0.584675
8024.19	,	0.621902
8024.2	,	0.602314
8024.21	,	0.609691
8024.22	,	0.630739
8024.23	,	0.610153
8024.24	,	0.635927
8024.25	,	0.616105
8024.26	,	0.642674
8024.27	,	0.627618
8024.28	,	0.655502
8024.29	,	0.629821
8024.3	,	0.634702
8024.31	,	0.638466
8024.32	,	0.653471
8024.33	,	0.643518
8024.34	,	0.655377
8024.35	,	0.657476
8024.36	,	0.68098
8024.37	,	0.670113
8024.38	,	0.668156
8024.39	,	0.681574
8024.4	,	0.674104
8024.41	,	0.711782
8024.42	,	0.672336
8024.43	,	0.685681
8024.44	,	0.683311
8024.45	,	0.689818
8024.46	,	0.682906
8024.47	,	0.708735
8024.48	,	0.713571
8024.49	,	0.697169
8024.5	,	0.695321
8024.51	,	0.723994
8024.52	,	0.73599
8024.53	,	0.725361
8024.54	,	0.723309
8024.55	,	0.734164
8024.56	,	0.728879
8024.57	,	0.728055
8024.58	,	0.748361
8024.59	,	0.725138
8024.6	,	0.736242
8024.61	,	0.751514
8024.62	,	0.746559
8024.63	,	0.760182
8024.64	,	0.767143
8024.65	,	0.78395
8024.66	,	0.764343
8024.67	,	0.774927
8024.68	,	0.773642
8024.69	,	0.793985
8024.7	,	0.796153
8024.71	,	0.804797
8024.72	,	0.815291
8024.73	,	0.804942
8024.74	,	0.816311
8024.75	,	0.826589
8024.76	,	0.814831
8024.77	,	0.832984
8024.78	,	0.817397
8024.79	,	0.829381
8024.8	,	0.848994
8024.81	,	0.838455
8024.82	,	0.85583
8024.83	,	0.859478
8024.84	,	0.822257
8024.85	,	0.863777
8024.86	,	0.847226
8024.87	,	0.84272
8024.88	,	0.863658
8024.89	,	0.872815
8024.9	,	0.888005
8024.91	,	0.888244
8024.92	,	0.886395
8024.93	,	0.882428
8024.94	,	0.896628
8024.95	,	0.90528
8024.96	,	0.919854
8024.97	,	0.917013
8024.98	,	0.932446
8024.99	,	0.8954
8025	,	0.936144
8025.01	,	0.937954
8025.02	,	0.946643
8025.03	,	0.931136
8025.04	,	0.942435
8025.05	,	0.954298
8025.06	,	0.940787
8025.07	,	0.952517
8025.08	,	0.96158
8025.09	,	0.961519
8025.1	,	0.968021
8025.11	,	0.979136
8025.12	,	1.00629
8025.13	,	0.985186
8025.14	,	1.01134
8025.15	,	1.00321
8025.16	,	1.00772
8025.17	,	1.01314
8025.18	,	1.01758
8025.19	,	1.02175
8025.2	,	1.02605
8025.21	,	1.00691
8025.22	,	1.03606
8025.23	,	1.03625
8025.24	,	1.07108
8025.25	,	1.05806
8025.26	,	1.07314
8025.27	,	1.0638
8025.28	,	1.08864
8025.29	,	1.0772
8025.3	,	1.09002
8025.31	,	1.10099
8025.32	,	1.08627
8025.33	,	1.10151
8025.34	,	1.12205
8025.35	,	1.1145
8025.36	,	1.14151
8025.37	,	1.14307
8025.38	,	1.14077
8025.39	,	1.14298
8025.4	,	1.15341
8025.41	,	1.13705
8025.42	,	1.14856
8025.43	,	1.15388
8025.44	,	1.19683
8025.45	,	1.192
8025.46	,	1.19489
8025.47	,	1.1873
8025.48	,	1.19181
8025.49	,	1.22922
8025.5	,	1.21509
8025.51	,	1.23488
8025.52	,	1.21665
8025.53	,	1.23151
8025.54	,	1.25689
8025.55	,	1.24985
8025.56	,	1.2759
8025.57	,	1.27967
8025.58	,	1.28567
8025.59	,	1.27197
8025.6	,	1.30202
8025.61	,	1.31204
8025.62	,	1.29869
8025.63	,	1.30558
8025.64	,	1.32518
8025.65	,	1.32671
8025.66	,	1.31942
8025.67	,	1.34977
8025.68	,	1.36412
8025.69	,	1.38537
8025.7	,	1.33642
8025.71	,	1.35025
8025.72	,	1.39358
8025.73	,	1.3775
8025.74	,	1.37883
8025.75	,	1.40028
8025.76	,	1.38562
8025.77	,	1.42187
8025.78	,	1.39655
8025.79	,	1.43652
8025.8	,	1.42225
8025.81	,	1.43859
8025.82	,	1.4381
8025.83	,	1.49697
8025.84	,	1.46772
8025.85	,	1.46027
8025.86	,	1.46324
8025.87	,	1.51415
8025.88	,	1.50675
8025.89	,	1.50192
8025.9	,	1.53418
8025.91	,	1.49224
8025.92	,	1.54595
8025.93	,	1.55304
8025.94	,	1.57386
8025.95	,	1.56449
8025.96	,	1.58541
8025.97	,	1.56275
8025.98	,	1.57481
8025.99	,	1.60618
8026	,	1.61154
8026.01	,	1.58282
8026.02	,	1.60021
8026.03	,	1.59966
8026.04	,	1.60258
8026.05	,	1.62071
8026.06	,	1.66606
8026.07	,	1.66584
8026.08	,	1.64155
8026.09	,	1.66746
8026.1	,	1.6782
8026.11	,	1.67568
8026.12	,	1.69182
8026.13	,	1.70663
8026.14	,	1.69524
8026.15	,	1.73701
8026.16	,	1.71932
8026.17	,	1.73666
8026.18	,	1.75888
8026.19	,	1.75568
8026.2	,	1.76544
8026.21	,	1.79335
8026.22	,	1.82117
8026.23	,	1.76653
8026.24	,	1.79534
8026.25	,	1.82314
8026.26	,	1.82274
8026.27	,	1.82078
8026.28	,	1.83106
8026.29	,	1.82307
8026.3	,	1.85558
8026.31	,	1.84249
8026.32	,	1.90221
8026.33	,	1.87123
8026.34	,	1.91539
8026.35	,	1.89121
8026.36	,	1.88682
8026.37	,	1.93195
8026.38	,	1.97231
8026.39	,	1.92235
8026.4	,	1.96268
8026.41	,	1.95703
8026.42	,	1.96558
8026.43	,	1.96905
8026.44	,	1.98487
8026.45	,	1.96883
8026.46	,	2.0076
8026.47	,	1.99709
8026.48	,	2.01275
8026.49	,	1.99401
8026.5	,	2.05877
8026.51	,	2.04001
8026.52	,	2.0684
8026.53	,	2.0473
8026.54	,	2.09173
8026.55	,	2.0667
8026.56	,	2.1001
8026.57	,	2.11486
8026.58	,	2.12435
8026.59	,	2.11422
8026.6	,	2.15695
8026.61	,	2.15018
8026.62	,	2.12174
8026.63	,	2.12318
8026.64	,	2.17945
8026.65	,	2.16949
8026.66	,	2.16872
8026.67	,	2.19805
8026.68	,	2.22063
8026.69	,	2.2119
8026.7	,	2.23085
8026.71	,	2.20547
8026.72	,	2.25835
8026.73	,	2.28726
8026.74	,	2.22995
8026.75	,	2.26259
8026.76	,	2.30471
8026.77	,	2.26544
8026.78	,	2.26493
8026.79	,	2.2937
8026.8	,	2.28163
8026.81	,	2.32275
8026.82	,	2.33929
8026.83	,	2.32504
8026.84	,	2.37136
8026.85	,	2.31709
8026.86	,	2.37024
8026.87	,	2.40828
8026.88	,	2.36664
8026.89	,	2.40893
8026.9	,	2.37989
8026.91	,	2.41003
8026.92	,	2.42162
8026.93	,	2.44981
8026.94	,	2.4121
8026.95	,	2.45939
8026.96	,	2.45713
8026.97	,	2.4778
8026.98	,	2.46026
8026.99	,	2.5267
8027	,	2.46023
8027.01	,	2.48326
8027.02	,	2.51983
8027.03	,	2.54503
8027.04	,	2.54002
8027.05	,	2.56197
8027.06	,	2.58326
8027.07	,	2.54312
8027.08	,	2.61772
8027.09	,	2.60046
8027.1	,	2.60545
8027.11	,	2.6062
8027.12	,	2.64165
8027.13	,	2.65548
8027.14	,	2.6489
8027.15	,	2.68935
8027.16	,	2.64336
8027.17	,	2.64256
8027.18	,	2.69755
8027.19	,	2.70831
8027.2	,	2.6897
8027.21	,	2.71712
8027.22	,	2.70062
8027.23	,	2.74865
8027.24	,	2.71958
8027.25	,	2.72478
8027.26	,	2.78068
8027.27	,	2.76357
8027.28	,	2.73029
8027.29	,	2.77065
8027.3	,	2.78473
8027.31	,	2.78627
8027.32	,	2.78554
8027.33	,	2.8081
8027.34	,	2.8006
8027.35	,	2.80333
8027.36	,	2.87069
8027.37	,	2.85953
8027.38	,	2.88026
8027.39	,	2.86197
8027.4	,	2.90241
8027.41	,	2.90582
8027.42	,	2.87381
8027.43	,	2.90882
8027.44	,	2.91198
8027.45	,	2.9345
8027.46	,	2.90456
8027.47	,	2.96023
8027.48	,	2.94445
8027.49	,	2.92864
8027.5	,	2.95209
8027.51	,	2.98261
8027.52	,	2.93764
8027.53	,	2.96834
8027.54	,	3.00721
8027.55	,	2.97103
8027.56	,	2.99374
8027.57	,	3.02954
8027.58	,	3.02227
8027.59	,	2.97955
8027.6	,	3.04103
8027.61	,	3.06455
8027.62	,	3.03875
8027.63	,	2.99669
8027.64	,	3.02392
8027.65	,	3.07108
8027.66	,	3.06602
8027.67	,	3.03207
8027.68	,	3.0574
8027.69	,	3.02847
8027.7	,	3.08278
8027.71	,	3.02843
8027.72	,	3.08972
8027.73	,	3.15096
8027.74	,	3.09769
8027.75	,	3.09889
8027.76	,	3.10165
8027.77	,	3.09937
8027.78	,	3.07141
8027.79	,	3.08962
8027.8	,	3.09054
8027.81	,	3.09574
8027.82	,	3.07892
8027.83	,	3.10039
8027.84	,	3.10153
8027.85	,	3.08452
8027.86	,	3.15342
8027.87	,	3.09967
8027.88	,	3.09095
8027.89	,	3.11958
8027.9	,	3.13338
8027.91	,	3.1058
8027.92	,	3.13887
8027.93	,	3.1273
8027.94	,	3.1146
8027.95	,	3.13764
8027.96	,	3.15417
8027.97	,	3.12656
8027.98	,	3.14019
8027.99	,	3.11329
8028	,	3.07115
8028.01	,	3.12024
8028.02	,	3.129
8028.03	,	3.11653
8028.04	,	3.0591
8028.05	,	3.08365
8028.06	,	3.07463
8028.07	,	3.11944
8028.08	,	3.10824
8028.09	,	3.0388
8028.1	,	3.08437
8028.11	,	3.07969
8028.12	,	3.06954
8028.13	,	3.01866
8028.14	,	3.06769
8028.15	,	3.04598
8028.16	,	3.11291
8028.17	,	3.0479
8028.18	,	3.03791
8028.19	,	3.02884
8028.2	,	3.0111
8028.21	,	3.01898
8028.22	,	2.98087
8028.23	,	2.94795
8028.24	,	2.97128
8028.25	,	2.97677
8028.26	,	2.98989
8028.27	,	2.95923
8028.28	,	2.93506
8028.29	,	2.88735
8028.3	,	2.88326
8028.31	,	2.93363
8028.32	,	2.95826
8028.33	,	2.91787
8028.34	,	2.91404
8028.35	,	2.88555
8028.36	,	2.85285
8028.37	,	2.85358
8028.38	,	2.82087
8028.39	,	2.83938
8028.4	,	2.82555
8028.41	,	2.78919
8028.42	,	2.82739
8028.43	,	2.80767
8028.44	,	2.78915
8028.45	,	2.78468
8028.46	,	2.74516
8028.47	,	2.76405
8028.48	,	2.7562
8028.49	,	2.7282
8028.5	,	2.72792
8028.51	,	2.68337
8028.52	,	2.69109
8028.53	,	2.66275
8028.54	,	2.6707
8028.55	,	2.6342
8028.56	,	2.57368
8028.57	,	2.61825
8028.58	,	2.61877
8028.59	,	2.60986
8028.6	,	2.59377
8028.61	,	2.55868
8028.62	,	2.53598
8028.63	,	2.53316
8028.64	,	2.5135
8028.65	,	2.49779
8028.66	,	2.48807
8028.67	,	2.47214
8028.68	,	2.45929
8028.69	,	2.4598
8028.7	,	2.44086
8028.71	,	2.45144
8028.72	,	2.40099
8028.73	,	2.38557
8028.74	,	2.39889
8028.75	,	2.36777
8028.76	,	2.36384
8028.77	,	2.35263
8028.78	,	2.33777
8028.79	,	2.32967
8028.8	,	2.29836
8028.81	,	2.22339
8028.82	,	2.24648
8028.83	,	2.27346
8028.84	,	2.23179
8028.85	,	2.19888
8028.86	,	2.26342
8028.87	,	2.19403
8028.88	,	2.16214
8028.89	,	2.18242
8028.9	,	2.12401
8028.91	,	2.13623
8028.92	,	2.14134
8028.93	,	2.10734
8028.94	,	2.07849
8028.95	,	2.06373
8028.96	,	2.07673
8028.97	,	2.06086
8028.98	,	2.04052
8028.99	,	2.01036
8029	,	2.00032
8029.01	,	1.99796
8029.02	,	1.96911
8029.03	,	1.94223
8029.04	,	1.94706
8029.05	,	1.91145
8029.06	,	1.92523
8029.07	,	1.91813
8029.08	,	1.85756
8029.09	,	1.90329
8029.1	,	1.87609
8029.11	,	1.89132
8029.12	,	1.83789
8029.13	,	1.84707
8029.14	,	1.80109
8029.15	,	1.80525
8029.16	,	1.80317
8029.17	,	1.77707
8029.18	,	1.79177
8029.19	,	1.76645
8029.2	,	1.74374
8029.21	,	1.71666
8029.22	,	1.72332
8029.23	,	1.71494
8029.24	,	1.70333
8029.25	,	1.68765
8029.26	,	1.66971
8029.27	,	1.65368
8029.28	,	1.63949
8029.29	,	1.61469
8029.3	,	1.65636
8029.31	,	1.60045
8029.32	,	1.60729
8029.33	,	1.55805
8029.34	,	1.56643
8029.35	,	1.57025
8029.36	,	1.5356
8029.37	,	1.54087
8029.38	,	1.53029
8029.39	,	1.525
8029.4	,	1.49612
8029.41	,	1.48161
8029.42	,	1.47931
8029.43	,	1.44092
8029.44	,	1.47359
8029.45	,	1.44859
8029.46	,	1.43746
8029.47	,	1.40566
8029.48	,	1.416
8029.49	,	1.41576
8029.5	,	1.39631
8029.51	,	1.38402
8029.52	,	1.37553
8029.53	,	1.37621
8029.54	,	1.36396
8029.55	,	1.36424
8029.56	,	1.3494
8029.57	,	1.34221
8029.58	,	1.32855
8029.59	,	1.32156
8029.6	,	1.28289
8029.61	,	1.27467
8029.62	,	1.30635
8029.63	,	1.26081
8029.64	,	1.26918
8029.65	,	1.26422
8029.66	,	1.26882
8029.67	,	1.24337
8029.68	,	1.22961
8029.69	,	1.22608
8029.7	,	1.19882
8029.71	,	1.19778
8029.72	,	1.22257
8029.73	,	1.20549
8029.74	,	1.20058
8029.75	,	1.16429
8029.76	,	1.14473
8029.77	,	1.17606
8029.78	,	1.14911
8029.79	,	1.13231
8029.8	,	1.1385
8029.81	,	1.13063
8029.82	,	1.12305
8029.83	,	1.12286
8029.84	,	1.12676
8029.85	,	1.09508
8029.86	,	1.0993
8029.87	,	1.08058
8029.88	,	1.06684
8029.89	,	1.05451
8029.9	,	1.06896
8029.91	,	1.08888
8029.92	,	1.06534
8029.93	,	1.04235
8029.94	,	1.05177
8029.95	,	1.01071
8029.96	,	1.02937
8029.97	,	1.00558
8029.98	,	1.00489
8029.99	,	0.998466
8030	,	1.0008
8030.01	,	0.99394
8030.02	,	0.997663
8030.03	,	0.97258
8030.04	,	0.976966
8030.05	,	0.964666
8030.06	,	0.954312
8030.07	,	0.969032
8030.08	,	0.962267
8030.09	,	0.9491
8030.1	,	0.946269
8030.11	,	0.934691
8030.12	,	0.928676
8030.13	,	0.923533
8030.14	,	0.902148
8030.15	,	0.904199
8030.16	,	0.897165
8030.17	,	0.903293
8030.18	,	0.895846
8030.19	,	0.902882
8030.2	,	0.891609
8030.21	,	0.873265
8030.22	,	0.887846
8030.23	,	0.86105
8030.24	,	0.839596
8030.25	,	0.851426
8030.26	,	0.856236
8030.27	,	0.85282
8030.28	,	0.835999
8030.29	,	0.818503
8030.3	,	0.849621
8030.31	,	0.820263
8030.32	,	0.814145
8030.33	,	0.825225
8030.34	,	0.814589
8030.35	,	0.799423
8030.36	,	0.7788
8030.37	,	0.784705
8030.38	,	0.795675
8030.39	,	0.769455
8030.4	,	0.789673
8030.41	,	0.790833
8030.42	,	0.762719
8030.43	,	0.755613
8030.44	,	0.752877
8030.45	,	0.764383
8030.46	,	0.746932
8030.47	,	0.737253
8030.48	,	0.735732
8030.49	,	0.715654
8030.5	,	0.736123
8030.51	,	0.736365
8030.52	,	0.727168
8030.53	,	0.728008
8030.54	,	0.721968
8030.55	,	0.709409
8030.56	,	0.721999
8030.57	,	0.715678
8030.58	,	0.723021
8030.59	,	0.70092
8030.6	,	0.69897
8030.61	,	0.700131
8030.62	,	0.69431
8030.63	,	0.671934
8030.64	,	0.687278
8030.65	,	0.664902
8030.66	,	0.669647
8030.67	,	0.687079
8030.68	,	0.660764
8030.69	,	0.675985
8030.7	,	0.647183
8030.71	,	0.663159
8030.72	,	0.642864
8030.73	,	0.661203
8030.74	,	0.664442
8030.75	,	0.634059
8030.76	,	0.629798
8030.77	,	0.627428
8030.78	,	0.622106
8030.79	,	0.645281
8030.8	,	0.612195
8030.81	,	0.636217
8030.82	,	0.630388
8030.83	,	0.62471
8030.84	,	0.619618
8030.85	,	0.610474
8030.86	,	0.61627
8030.87	,	0.614358
8030.88	,	0.607229
8030.89	,	0.578459
8030.9	,	0.587855
8030.91	,	0.579854
8030.92	,	0.588448
8030.93	,	0.562686
8030.94	,	0.591007
8030.95	,	0.572987
8030.96	,	0.583842
8030.97	,	0.577699
8030.98	,	0.572215
8030.99	,	0.56934
8031	,	0.586964
8031.01	,	0.55214
8031.02	,	0.566267
8031.03	,	0.550443
8031.04	,	0.562078
8031.05	,	0.554272
8031.06	,	0.543175
8031.07	,	0.570497
8031.08	,	0.550567
8031.09	,	0.538122
8031.1	,	0.543741
8031.11	,	0.52431
8031.12	,	0.540232
8031.13	,	0.535599
8031.14	,	0.536107
8031.15	,	0.524105
8031.16	,	0.518692
8031.17	,	0.52973
8031.18	,	0.512216
8031.19	,	0.511592
8031.2	,	0.531462
8031.21	,	0.517845
8031.22	,	0.5142
8031.23	,	0.513758
8031.24	,	0.487176
8031.25	,	0.493787
8031.26	,	0.493817
8031.27	,	0.492877
8031.28	,	0.50174
8031.29	,	0.480694
8031.3	,	0.479362
8031.31	,	0.488394
8031.32	,	0.490836
8031.33	,	0.508446
8031.34	,	0.474649
8031.35	,	0.476024
8031.36	,	0.487312
8031.37	,	0.47864
8031.38	,	0.462032
8031.39	,	0.486005
8031.4	,	0.492511
8031.41	,	0.455845
8031.42	,	0.465263
8031.43	,	0.481842
8031.44	,	0.465531
8031.45	,	0.454679
8031.46	,	0.46823
8031.47	,	0.447221
8031.48	,	0.451597
8031.49	,	0.465556
8031.5	,	0.438634
8031.51	,	0.469035
8031.52	,	0.450027
8031.53	,	0.452023
8031.54	,	0.450483
8031.55	,	0.449872
8031.56	,	0.433224
8031.57	,	0.449032
8031.58	,	0.423733
8031.59	,	0.419508
8031.6	,	0.439314
8031.61	,	0.438387
8031.62	,	0.435339
8031.63	,	0.436
8031.64	,	0.411618
8031.65	,	0.415981
8031.66	,	0.410254
8031.67	,	0.423387
8031.68	,	0.417779
8031.69	,	0.409058
8031.7	,	0.417968
8031.71	,	0.43149
8031.72	,	0.409162
8031.73	,	0.406021
8031.74	,	0.412253
8031.75	,	0.413283
8031.76	,	0.4032
8031.77	,	0.403286
8031.78	,	0.4171
8031.79	,	0.394377
8031.8	,	0.408548
8031.81	,	0.390485
8031.82	,	0.391801
8031.83	,	0.388295
8031.84	,	0.393512
8031.85	,	0.403236
8031.86	,	0.390809
8031.87	,	0.374818
8031.88	,	0.386834
8031.89	,	0.375933
8031.9	,	0.391964
8031.91	,	0.397767
8031.92	,	0.363166
8031.93	,	0.382622
8031.94	,	0.368115
8031.95	,	0.38433
8031.96	,	0.383728
8031.97	,	0.376794
8031.98	,	0.348073
8031.99	,	0.388275
8032	,	0.386414
8032.01	,	0.36075
8032.02	,	0.378134
8032.03	,	0.372406
8032.04	,	0.354063
8032.05	,	0.352332
8032.06	,	0.363006
8032.07	,	0.345997
8032.08	,	0.346563
8032.09	,	0.351901
8032.1	,	0.351765
8032.11	,	0.359679
8032.12	,	0.351094
8032.13	,	0.356796
8032.14	,	0.343104
8032.15	,	0.353711
8032.16	,	0.353145
8032.17	,	0.341347
8032.18	,	0.351739
8032.19	,	0.329973
8032.2	,	0.350002
8032.21	,	0.345773
8032.22	,	0.338935
8032.23	,	0.344008
8032.24	,	0.338278
8032.25	,	0.327888
8032.26	,	0.327203
8032.27	,	0.343409
8032.28	,	0.342472
8032.29	,	0.346314
8032.3	,	0.3349
8032.31	,	0.325366
8032.32	,	0.312932
8032.33	,	0.319003
8032.34	,	0.331752
8032.35	,	0.329927
8032.36	,	0.332778
8032.37	,	0.31908
8032.38	,	0.33529
8032.39	,	0.326349
8032.4	,	0.319815
8032.41	,	0.312133
8032.42	,	0.325951
8032.43	,	0.308715
8032.44	,	0.317575
8032.45	,	0.311929
8032.46	,	0.325401
8032.47	,	0.319241
8032.48	,	0.312484
8032.49	,	0.330229
8032.5	,	0.296752
8032.51	,	0.312062
8032.52	,	0.313453
8032.53	,	0.310782
8032.54	,	0.30948
8032.55	,	0.314419
8032.56	,	0.304682
8032.57	,	0.301993
8032.58	,	0.304099
8032.59	,	0.301901
8032.6	,	0.316217
8032.61	,	0.292687
8032.62	,	0.300961
8032.63	,	0.289171
8032.64	,	0.312164
8032.65	,	0.296916
8032.66	,	0.310829
8032.67	,	0.28968
8032.68	,	0.285789
8032.69	,	0.285941
8032.7	,	0.287811
8032.71	,	0.284217
8032.72	,	0.298761
8032.73	,	0.29737
8032.74	,	0.287264
8032.75	,	0.284325
8032.76	,	0.288312
8032.77	,	0.289597
8032.78	,	0.286396
8032.79	,	0.287106
8032.8	,	0.294401
8032.81	,	0.296018
8032.82	,	0.294278
8032.83	,	0.28654
8032.84	,	0.289475
8032.85	,	0.280902
8032.86	,	0.28511
8032.87	,	0.28955
8032.88	,	0.292642
8032.89	,	0.274557
8032.9	,	0.281254
8032.91	,	0.278787
8032.92	,	0.268888
8032.93	,	0.284066
8032.94	,	0.276702
8032.95	,	0.276953
8032.96	,	0.264481
8032.97	,	0.27273
8032.98	,	0.271573
8032.99	,	0.27014
8033	,	0.278453
8033.01	,	0.27699
8033.02	,	0.267933
8033.03	,	0.268545
8033.04	,	0.272693
8033.05	,	0.269813
8033.06	,	0.273225
8033.07	,	0.2722
8033.08	,	0.255964
8033.09	,	0.274551
8033.1	,	0.262478
8033.11	,	0.254448
8033.12	,	0.256859
8033.13	,	0.256771
8033.14	,	0.263976
8033.15	,	0.264567
8033.16	,	0.260839
8033.17	,	0.264462
8033.18	,	0.259701
8033.19	,	0.25901
8033.2	,	0.260095
8033.21	,	0.259263
8033.22	,	0.244109
8033.23	,	0.244657
8033.24	,	0.241514
8033.25	,	0.249853
8033.26	,	0.251382
8033.27	,	0.24345
8033.28	,	0.25443
8033.29	,	0.256284
8033.3	,	0.24778
8033.31	,	0.247032
8033.32	,	0.24678
8033.33	,	0.232271
8033.34	,	0.24381
8033.35	,	0.235919
8033.36	,	0.235792
8033.37	,	0.243141
8033.38	,	0.255093
8033.39	,	0.236905
8033.4	,	0.229183
8033.41	,	0.238859
8033.42	,	0.258413
8033.43	,	0.24084
8033.44	,	0.23833
8033.45	,	0.237239
8033.46	,	0.2365
8033.47	,	0.240313
8033.48	,	0.236948
8033.49	,	0.252157
8033.5	,	0.224578
8033.51	,	0.242928
8033.52	,	0.240677
8033.53	,	0.227948
8033.54	,	0.23417
8033.55	,	0.229143
8033.56	,	0.22947
8033.57	,	0.239603
8033.58	,	0.235093
8033.59	,	0.229461
8033.6	,	0.219647
8033.61	,	0.228653
8033.62	,	0.245084
8033.63	,	0.242543
8033.64	,	0.231836
8033.65	,	0.229032
8033.66	,	0.228301
8033.67	,	0.228531
8033.68	,	0.223589
8033.69	,	0.225157
8033.7	,	0.224613
8033.71	,	0.222434
8033.72	,	0.223861
8033.73	,	0.229265
8033.74	,	0.214649
8033.75	,	0.227794
8033.76	,	0.213888
8033.77	,	0.233665
8033.78	,	0.227297
8033.79	,	0.226242
8033.8	,	0.230932
8033.81	,	0.221075
8033.82	,	0.23367
8033.83	,	0.214386
8033.84	,	0.23028
8033.85	,	0.227091
8033.86	,	0.222799
8033.87	,	0.22201
8033.88	,	0.219299
8033.89	,	0.227364
8033.9	,	0.224313
8033.91	,	0.210411
8033.92	,	0.215169
8033.93	,	0.201443
8033.94	,	0.208357
8033.95	,	0.216969
8033.96	,	0.217482
8033.97	,	0.211515
8033.98	,	0.22895
8033.99	,	0.227563
8034	,	0.216451
8034.01	,	0.218441
8034.02	,	0.224272
8034.03	,	0.213208
8034.04	,	0.212505
8034.05	,	0.213996
8034.06	,	0.205759
8034.07	,	0.20812
8034.08	,	0.216015
8034.09	,	0.223342
8034.1	,	0.210369
8034.11	,	0.201967
8034.12	,	0.221481
8034.13	,	0.210097
8034.14	,	0.212656
8034.15	,	0.223819
8034.16	,	0.201399
8034.17	,	0.207768
8034.18	,	0.214928
8034.19	,	0.204673
8034.2	,	0.21585
8034.21	,	0.196899
8034.22	,	0.208018
8034.23	,	0.209408
8034.24	,	0.216662
8034.25	,	0.219876
8034.26	,	0.191652
8034.27	,	0.206114
8034.28	,	0.199763
8034.29	,	0.205166
8034.3	,	0.19272
8034.31	,	0.196948
8034.32	,	0.201782
8034.33	,	0.200121
8034.34	,	0.208187
8034.35	,	0.191112
8034.36	,	0.196659
8034.37	,	0.208138
8034.38	,	0.209852
8034.39	,	0.198775
8034.4	,	0.200428
8034.41	,	0.201532
8034.42	,	0.200429
8034.43	,	0.193352
8034.44	,	0.210564
8034.45	,	0.182255
8034.46	,	0.202772
8034.47	,	0.198754
8034.48	,	0.189085
8034.49	,	0.202727
8034.5	,	0.204348
8034.51	,	0.192412
8034.52	,	0.187752
8034.53	,	0.197925
8034.54	,	0.191841
8034.55	,	0.187638
8034.56	,	0.199491
8034.57	,	0.195612
8034.58	,	0.205464
8034.59	,	0.196893
8034.6	,	0.205393
8034.61	,	0.19124
8034.62	,	0.184023
8034.63	,	0.18694
8034.64	,	0.191327
8034.65	,	0.192222
8034.66	,	0.2027
8034.67	,	0.188387
8034.68	,	0.188706
8034.69	,	0.183028
8034.7	,	0.191149
8034.71	,	0.185483
8034.72	,	0.188982
8034.73	,	0.184874
8034.74	,	0.19303
8034.75	,	0.185447
8034.76	,	0.201216
8034.77	,	0.180893
8034.78	,	0.174075
8034.79	,	0.177797
8034.8	,	0.193365
8034.81	,	0.184228
8034.82	,	0.190412
8034.83	,	0.189188
8034.84	,	0.192011
8034.85	,	0.181262
8034.86	,	0.180437
8034.87	,	0.178169
8034.88	,	0.180008
8034.89	,	0.173605
8034.9	,	0.183447
8034.91	,	0.196891
8034.92	,	0.180806
8034.93	,	0.178345
8034.94	,	0.193836
8034.95	,	0.183892
8034.96	,	0.183389
8034.97	,	0.183863
8034.98	,	0.171504
8034.99	,	0.182327
8035	,	0.178488
8035.01	,	0.162472
8035.02	,	0.174335
8035.03	,	0.161151
8035.04	,	0.174143
8035.05	,	0.189453
8035.06	,	0.171827
8035.07	,	0.181821
8035.08	,	0.170005
8035.09	,	0.181754
8035.1	,	0.182456
8035.11	,	0.164085
8035.12	,	0.178142
8035.13	,	0.179978
8035.14	,	0.183197
8035.15	,	0.182796
8035.16	,	0.188281
8035.17	,	0.168166
8035.18	,	0.166154
8035.19	,	0.170741
8035.2	,	0.172489
8035.21	,	0.163979
8035.22	,	0.184746
8035.23	,	0.181548
8035.24	,	0.176505
8035.25	,	0.178183
8035.26	,	0.170271
8035.27	,	0.179532
8035.28	,	0.175628
8035.29	,	0.183609
8035.3	,	0.17402
8035.31	,	0.165656
8035.32	,	0.17184
8035.33	,	0.174788
8035.34	,	0.162513
8035.35	,	0.176866
8035.36	,	0.177225
8035.37	,	0.162818
8035.38	,	0.174976
8035.39	,	0.167218
8035.4	,	0.186702
8035.41	,	0.169496
8035.42	,	0.163651
8035.43	,	0.176559
8035.44	,	0.161592
8035.45	,	0.160213
8035.46	,	0.164352
8035.47	,	0.173559
8035.48	,	0.170189
8035.49	,	0.172817
8035.5	,	0.17646
8035.51	,	0.174715
8035.52	,	0.167094
8035.53	,	0.172606
8035.54	,	0.174299
8035.55	,	0.17424
8035.56	,	0.171756
8035.57	,	0.164995
8035.58	,	0.160837
8035.59	,	0.178315
8035.6	,	0.169477
8035.61	,	0.168988
8035.62	,	0.159615
8035.63	,	0.160675
8035.64	,	0.169743
8035.65	,	0.157077
8035.66	,	0.174458
8035.67	,	0.1738
8035.68	,	0.164131
8035.69	,	0.174769
8035.7	,	0.175337
8035.71	,	0.178202
8035.72	,	0.175741
8035.73	,	0.160446
8035.74	,	0.162466
8035.75	,	0.167919
8035.76	,	0.164851
8035.77	,	0.171186
8035.78	,	0.165903
8035.79	,	0.1658
8035.8	,	0.175508
8035.81	,	0.163609
8035.82	,	0.16914
8035.83	,	0.16249
8035.84	,	0.169284
8035.85	,	0.153019
8035.86	,	0.17054
8035.87	,	0.162195
8035.88	,	0.164677
8035.89	,	0.174171
8035.9	,	0.160187
8035.91	,	0.164035
8035.92	,	0.163961
8035.93	,	0.159084
8035.94	,	0.168018
8035.95	,	0.155264
8035.96	,	0.173647
8035.97	,	0.156062
8035.98	,	0.162174
8035.99	,	0.166889
8036	,	0.164136
8036.01	,	0.175362
8036.02	,	0.172323
8036.03	,	0.143118
8036.04	,	0.16612
8036.05	,	0.177683
8036.06	,	0.164127
8036.07	,	0.170345
8036.08	,	0.157284
8036.09	,	0.160251
8036.1	,	0.167745
8036.11	,	0.177171
8036.12	,	0.167849
8036.13	,	0.141965
8036.14	,	0.169798
8036.15	,	0.168714
8036.16	,	0.157276
8036.17	,	0.166542
8036.18	,	0.161012
8036.19	,	0.169499
8036.2	,	0.159033
8036.21	,	0.151809
8036.22	,	0.153768
8036.23	,	0.154882
8036.24	,	0.157456
8036.25	,	0.152769
8036.26	,	0.165046
8036.27	,	0.162132
8036.28	,	0.161103
8036.29	,	0.15895
8036.3	,	0.153892
8036.31	,	0.161827
8036.32	,	0.173573
8036.33	,	0.148207
8036.34	,	0.160228
8036.35	,	0.155603
8036.36	,	0.166895
8036.37	,	0.156047
8036.38	,	0.160334
8036.39	,	0.165383
8036.4	,	0.18276
8036.41	,	0.158093
8036.42	,	0.164604
8036.43	,	0.157354
8036.44	,	0.16195
8036.45	,	0.155523
8036.46	,	0.158138
8036.47	,	0.155318
8036.48	,	0.145783
8036.49	,	0.160992
8036.5	,	0.157538
8036.51	,	0.171236
8036.52	,	0.148616
8036.53	,	0.176319
8036.54	,	0.161722
8036.55	,	0.160797
8036.56	,	0.161344
8036.57	,	0.150236
8036.58	,	0.155779
8036.59	,	0.160342
8036.6	,	0.160515
8036.61	,	0.157787
8036.62	,	0.152517
8036.63	,	0.163332
8036.64	,	0.144112
8036.65	,	0.162621
8036.66	,	0.159727
8036.67	,	0.158663
8036.68	,	0.162649
8036.69	,	0.167432
8036.7	,	0.155085
8036.71	,	0.150083
8036.72	,	0.151562
8036.73	,	0.161449
8036.74	,	0.144997
8036.75	,	0.168803
8036.76	,	0.149616
8036.77	,	0.152774
8036.78	,	0.150284
8036.79	,	0.156414
8036.8	,	0.149938
8036.81	,	0.158741
8036.82	,	0.159568
8036.83	,	0.169831
8036.84	,	0.158964
8036.85	,	0.159183
8036.86	,	0.157119
8036.87	,	0.162552
8036.88	,	0.163996
8036.89	,	0.157677
8036.9	,	0.162108
8036.91	,	0.169884
8036.92	,	0.170701
8036.93	,	0.158277
8036.94	,	0.160203
8036.95	,	0.154826
8036.96	,	0.150606
8036.97	,	0.152407
8036.98	,	0.161748
8036.99	,	0.162003
8037	,	0.173006
8037.01	,	0.159259
8037.02	,	0.1675
8037.03	,	0.147958
8037.04	,	0.166327
8037.05	,	0.165372
8037.06	,	0.151603
8037.07	,	0.161745
8037.08	,	0.159046
8037.09	,	0.1468
8037.1	,	0.156607
8037.11	,	0.154046
8037.12	,	0.163516
8037.13	,	0.157001
8037.14	,	0.159742
8037.15	,	0.162818
8037.16	,	0.159796
8037.17	,	0.166416
8037.18	,	0.164507
8037.19	,	0.145369
8037.2	,	0.164242
8037.21	,	0.159355
8037.22	,	0.155618
8037.23	,	0.168946
8037.24	,	0.154517
8037.25	,	0.155683
8037.26	,	0.162028
8037.27	,	0.156066
8037.28	,	0.157863
8037.29	,	0.154442
8037.3	,	0.157572
8037.31	,	0.165661
8037.32	,	0.168604
8037.33	,	0.158199
8037.34	,	0.157761
8037.35	,	0.165523
8037.36	,	0.145597
8037.37	,	0.16332
8037.38	,	0.161956
8037.39	,	0.160687
8037.4	,	0.167483
8037.41	,	0.162773
8037.42	,	0.166093
8037.43	,	0.16342
8037.44	,	0.172162
8037.45	,	0.161013
8037.46	,	0.157478
8037.47	,	0.16803
8037.48	,	0.156302
8037.49	,	0.167059
8037.5	,	0.153947
8037.51	,	0.156845
8037.52	,	0.167846
8037.53	,	0.156769
8037.54	,	0.162629
8037.55	,	0.165158
8037.56	,	0.162992
8037.57	,	0.169542
8037.58	,	0.164417
8037.59	,	0.164572
8037.6	,	0.170689
8037.61	,	0.175002
8037.62	,	0.169218
8037.63	,	0.176765
8037.64	,	0.169913
8037.65	,	0.179184
8037.66	,	0.173346
8037.67	,	0.166561
8037.68	,	0.168637
8037.69	,	0.166412
8037.7	,	0.175794
8037.71	,	0.164178
8037.72	,	0.151502
8037.73	,	0.1705
8037.74	,	0.167848
8037.75	,	0.169084
8037.76	,	0.176141
8037.77	,	0.165582
8037.78	,	0.17518
8037.79	,	0.182397
8037.8	,	0.176873
8037.81	,	0.171425
8037.82	,	0.15943
8037.83	,	0.164175
8037.84	,	0.168792
8037.85	,	0.170845
8037.86	,	0.165702
8037.87	,	0.172811
8037.88	,	0.180872
8037.89	,	0.166608
8037.9	,	0.167617
8037.91	,	0.177602
8037.92	,	0.178812
8037.93	,	0.162873
8037.94	,	0.175711
8037.95	,	0.177524
8037.96	,	0.164996
8037.97	,	0.16697
8037.98	,	0.161985
8037.99	,	0.172512
8038	,	0.169014
8038.01	,	0.174643
8038.02	,	0.172883
8038.03	,	0.173816
8038.04	,	0.163001
8038.05	,	0.170443
8038.06	,	0.181361
8038.07	,	0.183151
8038.08	,	0.180748
8038.09	,	0.170237
8038.1	,	0.167934
8038.11	,	0.172703
8038.12	,	0.165876
8038.13	,	0.178857
8038.14	,	0.185205
8038.15	,	0.165518
8038.16	,	0.17997
8038.17	,	0.1763
8038.18	,	0.159326
8038.19	,	0.161097
8038.2	,	0.169057
8038.21	,	0.181528
8038.22	,	0.178257
8038.23	,	0.17998
8038.24	,	0.181673
8038.25	,	0.173298
8038.26	,	0.180839
8038.27	,	0.178593
8038.28	,	0.16922
8038.29	,	0.176885
8038.3	,	0.181997
8038.31	,	0.172667
8038.32	,	0.179034
8038.33	,	0.174222
8038.34	,	0.175451
8038.35	,	0.191861
8038.36	,	0.187624
8038.37	,	0.188238
8038.38	,	0.179613
8038.39	,	0.168818
8038.4	,	0.183569
8038.41	,	0.187989
8038.42	,	0.174724
8038.43	,	0.194039
8038.44	,	0.190576
8038.45	,	0.169211
8038.46	,	0.182945
8038.47	,	0.180557
8038.48	,	0.176934
8038.49	,	0.182697
8038.5	,	0.173664
8038.51	,	0.192355
8038.52	,	0.181687
8038.53	,	0.175835
8038.54	,	0.171833
8038.55	,	0.178661
8038.56	,	0.178739
8038.57	,	0.189941
8038.58	,	0.185433
8038.59	,	0.1898
8038.6	,	0.184124
8038.61	,	0.177625
8038.62	,	0.182607
8038.63	,	0.189499
8038.64	,	0.173202
8038.65	,	0.187618
8038.66	,	0.187479
8038.67	,	0.190514
8038.68	,	0.189788
8038.69	,	0.183831
8038.7	,	0.176857
8038.71	,	0.187064
8038.72	,	0.193222
8038.73	,	0.186902
8038.74	,	0.185576
8038.75	,	0.19668
8038.76	,	0.183636
8038.77	,	0.182833
8038.78	,	0.18529
8038.79	,	0.195689
8038.8	,	0.178696
8038.81	,	0.18851
8038.82	,	0.193344
8038.83	,	0.197001
8038.84	,	0.184009
8038.85	,	0.201679
8038.86	,	0.186951
8038.87	,	0.189425
8038.88	,	0.187102
8038.89	,	0.189293
8038.9	,	0.195657
8038.91	,	0.196908
8038.92	,	0.18063
8038.93	,	0.188001
8038.94	,	0.19525
8038.95	,	0.202421
8038.96	,	0.202053
8038.97	,	0.195128
8038.98	,	0.195499
8038.99	,	0.197322
8039	,	0.190269
8039.01	,	0.203215
8039.02	,	0.206884
8039.03	,	0.204802
8039.04	,	0.193457
8039.05	,	0.188223
8039.06	,	0.202833
8039.07	,	0.188778
8039.08	,	0.197717
8039.09	,	0.193252
8039.1	,	0.196302
8039.11	,	0.20625
8039.12	,	0.193857
8039.13	,	0.199842
8039.14	,	0.199927
8039.15	,	0.179457
8039.16	,	0.200443
8039.17	,	0.198464
8039.18	,	0.207774
8039.19	,	0.20614
8039.2	,	0.193402
8039.21	,	0.211447
8039.22	,	0.206051
8039.23	,	0.199474
8039.24	,	0.213191
8039.25	,	0.203214
8039.26	,	0.204054
8039.27	,	0.193557
8039.28	,	0.216187
8039.29	,	0.200699
8039.3	,	0.194484
8039.31	,	0.214925
8039.32	,	0.204026
8039.33	,	0.208043
8039.34	,	0.219401
8039.35	,	0.213995
8039.36	,	0.195582
8039.37	,	0.207498
8039.38	,	0.212034
8039.39	,	0.209072
8039.4	,	0.211994
8039.41	,	0.217069
8039.42	,	0.215003
8039.43	,	0.217566
8039.44	,	0.208629
8039.45	,	0.205155
8039.46	,	0.216035
8039.47	,	0.206072
8039.48	,	0.224797
8039.49	,	0.217694
8039.5	,	0.214503
8039.51	,	0.215305
8039.52	,	0.20879
8039.53	,	0.20553
8039.54	,	0.221026
8039.55	,	0.222748
8039.56	,	0.220718
8039.57	,	0.209266
8039.58	,	0.213643
8039.59	,	0.217328
8039.6	,	0.217643
8039.61	,	0.226912
8039.62	,	0.209546
8039.63	,	0.21527
8039.64	,	0.218664
8039.65	,	0.228156
8039.66	,	0.219187
8039.67	,	0.226121
8039.68	,	0.227456
8039.69	,	0.228278
8039.7	,	0.221267
8039.71	,	0.215619
8039.72	,	0.232507
8039.73	,	0.224106
8039.74	,	0.224517
8039.75	,	0.22707
8039.76	,	0.217935
8039.77	,	0.242124
8039.78	,	0.232357
8039.79	,	0.22956
8039.8	,	0.233096
8039.81	,	0.237938
8039.82	,	0.244506
8039.83	,	0.22775
8039.84	,	0.240179
8039.85	,	0.229417
8039.86	,	0.230166
8039.87	,	0.244911
8039.88	,	0.225863
8039.89	,	0.228769
8039.9	,	0.240921
8039.91	,	0.222563
8039.92	,	0.230221
8039.93	,	0.243602
8039.94	,	0.233951
8039.95	,	0.244321
8039.96	,	0.23464
8039.97	,	0.239065
8039.98	,	0.232416
8039.99	,	0.231826
8040	,	0.234575
8040.01	,	0.236014
8040.02	,	0.227445
8040.03	,	0.247065
8040.04	,	0.244161
8040.05	,	0.242607
8040.06	,	0.244882
8040.07	,	0.258447
8040.08	,	0.244766
8040.09	,	0.222436
8040.1	,	0.25373
8040.11	,	0.239081
8040.12	,	0.231968
8040.13	,	0.248306
8040.14	,	0.262432
8040.15	,	0.242644
8040.16	,	0.250987
8040.17	,	0.23612
8040.18	,	0.249951
8040.19	,	0.253307
8040.2	,	0.24434
8040.21	,	0.26285
8040.22	,	0.237239
8040.23	,	0.232886
8040.24	,	0.262177
8040.25	,	0.261561
8040.26	,	0.249627
8040.27	,	0.25224
8040.28	,	0.244634
8040.29	,	0.262888
8040.3	,	0.257472
8040.31	,	0.245921
8040.32	,	0.262448
8040.33	,	0.255537
8040.34	,	0.277914
8040.35	,	0.257237
8040.36	,	0.258436
8040.37	,	0.275517
8040.38	,	0.272972
8040.39	,	0.265096
8040.4	,	0.259717
8040.41	,	0.260525
8040.42	,	0.263133
8040.43	,	0.266075
8040.44	,	0.265237
8040.45	,	0.261998
8040.46	,	0.267248
8040.47	,	0.266671
8040.48	,	0.265902
8040.49	,	0.25356
8040.5	,	0.26798
8040.51	,	0.27632
8040.52	,	0.269317
8040.53	,	0.283893
8040.54	,	0.27967
8040.55	,	0.287587
8040.56	,	0.28742
8040.57	,	0.293931
8040.58	,	0.270634
8040.59	,	0.271587
8040.6	,	0.275286
8040.61	,	0.281881
8040.62	,	0.294392
8040.63	,	0.293279
8040.64	,	0.298635
8040.65	,	0.257187
8040.66	,	0.284618
8040.67	,	0.275937
8040.68	,	0.289426
8040.69	,	0.291116
8040.7	,	0.284226
8040.71	,	0.288298
8040.72	,	0.285942
8040.73	,	0.282124
8040.74	,	0.287278
8040.75	,	0.29047
8040.76	,	0.300216
8040.77	,	0.287858
8040.78	,	0.296436
8040.79	,	0.284713
8040.8	,	0.292857
8040.81	,	0.293764
8040.82	,	0.305991
8040.83	,	0.284491
8040.84	,	0.272875
8040.85	,	0.315332
8040.86	,	0.302038
8040.87	,	0.300715
8040.88	,	0.312901
8040.89	,	0.316978
8040.9	,	0.294472
8040.91	,	0.305062
8040.92	,	0.315933
8040.93	,	0.306858
8040.94	,	0.31661
8040.95	,	0.31305
8040.96	,	0.308654
8040.97	,	0.321876
8040.98	,	0.297193
8040.99	,	0.318729
8041	,	0.305389
8041.01	,	0.319473
8041.02	,	0.302946
8041.03	,	0.307915
8041.04	,	0.32826
8041.05	,	0.323124
8041.06	,	0.311728
8041.07	,	0.31779
8041.08	,	0.314774
8041.09	,	0.330041
8041.1	,	0.316054
8041.11	,	0.320668
8041.12	,	0.317157
8041.13	,	0.311335
8041.14	,	0.335791
8041.15	,	0.319967
8041.16	,	0.335514
8041.17	,	0.337657
8041.18	,	0.328308
8041.19	,	0.319649
8041.2	,	0.339159
8041.21	,	0.332217
8041.22	,	0.329083
8041.23	,	0.340533
8041.24	,	0.334601
8041.25	,	0.330156
8041.26	,	0.338707
8041.27	,	0.333812
8041.28	,	0.336306
8041.29	,	0.339513
8041.3	,	0.331458
8041.31	,	0.335188
8041.32	,	0.338679
8041.33	,	0.355822
8041.34	,	0.359483
8041.35	,	0.35224
8041.36	,	0.336933
8041.37	,	0.339894
8041.38	,	0.343882
8041.39	,	0.349732
8041.4	,	0.351595
8041.41	,	0.362066
8041.42	,	0.36004
8041.43	,	0.362894
8041.44	,	0.358181
8041.45	,	0.363741
8041.46	,	0.350967
8041.47	,	0.378578
8041.48	,	0.373487
8041.49	,	0.372691
8041.5	,	0.3545
8041.51	,	0.36441
8041.52	,	0.367962
8041.53	,	0.358676
8041.54	,	0.369238
8041.55	,	0.369784
8041.56	,	0.37324
8041.57	,	0.378821
8041.58	,	0.360628
8041.59	,	0.375784
8041.6	,	0.373172
8041.61	,	0.387351
8041.62	,	0.378088
8041.63	,	0.389031
8041.64	,	0.387771
8041.65	,	0.373982
8041.66	,	0.398318
8041.67	,	0.389818
8041.68	,	0.385278
8041.69	,	0.385017
8041.7	,	0.383687
8041.71	,	0.390621
8041.72	,	0.398299
8041.73	,	0.400119
8041.74	,	0.400841
8041.75	,	0.382375
8041.76	,	0.407244
8041.77	,	0.400429
8041.78	,	0.403278
8041.79	,	0.408063
8041.8	,	0.404203
8041.81	,	0.3903
8041.82	,	0.412181
8041.83	,	0.403581
8041.84	,	0.399156
8041.85	,	0.41589
8041.86	,	0.414238
8041.87	,	0.401788
8041.88	,	0.414457
8041.89	,	0.418743
8041.9	,	0.417186
8041.91	,	0.435581
8041.92	,	0.418834
8041.93	,	0.423965
8041.94	,	0.417158
8041.95	,	0.419331
8041.96	,	0.430533
8041.97	,	0.431488
8041.98	,	0.425433
8041.99	,	0.418464
8042	,	0.43622
8042.01	,	0.439133
8042.02	,	0.449776
8042.03	,	0.431635
8042.04	,	0.432096
8042.05	,	0.448502
8042.06	,	0.424293
8042.07	,	0.440696
8042.08	,	0.446448
8042.09	,	0.434953
8042.1	,	0.458967
8042.11	,	0.435609
8042.12	,	0.464282
8042.13	,	0.443531
8042.14	,	0.42989
8042.15	,	0.442021
8042.16	,	0.455034
8042.17	,	0.490674
8042.18	,	0.457523
8042.19	,	0.469721
8042.2	,	0.467287
8042.21	,	0.461997
8042.22	,	0.464507
8042.23	,	0.46051
8042.24	,	0.477457
8042.25	,	0.479133
8042.26	,	0.483553
8042.27	,	0.474638
8042.28	,	0.483402
8042.29	,	0.495554
8042.3	,	0.479249
8042.31	,	0.477903
8042.32	,	0.497807
8042.33	,	0.492232
8042.34	,	0.472657
8042.35	,	0.505186
8042.36	,	0.487913
8042.37	,	0.491005
8042.38	,	0.513571
8042.39	,	0.502601
8042.4	,	0.491705
8042.41	,	0.49065
8042.42	,	0.504482
8042.43	,	0.50076
8042.44	,	0.507581
8042.45	,	0.506641
8042.46	,	0.503336
8042.47	,	0.51668
8042.48	,	0.524996
8042.49	,	0.505809
8042.5	,	0.516039
8042.51	,	0.52711
8042.52	,	0.53442
8042.53	,	0.519797
8042.54	,	0.512891
8042.55	,	0.532235
8042.56	,	0.533794
8042.57	,	0.544935
8042.58	,	0.516599
8042.59	,	0.532602
8042.6	,	0.525271
8042.61	,	0.536491
8042.62	,	0.53986
8042.63	,	0.560401
8042.64	,	0.543343
8042.65	,	0.544849
8042.66	,	0.541166
8042.67	,	0.546436
8042.68	,	0.55493
8042.69	,	0.576691
8042.7	,	0.547882
8042.71	,	0.57106
8042.72	,	0.565379
8042.73	,	0.559209
8042.74	,	0.570763
8042.75	,	0.579463
8042.76	,	0.566789
8042.77	,	0.572983
8042.78	,	0.573193
8042.79	,	0.582499
8042.8	,	0.594178
8042.81	,	0.575055
8042.82	,	0.583989
8042.83	,	0.611023
8042.84	,	0.578783
8042.85	,	0.602699
8042.86	,	0.596416
8042.87	,	0.605513
8042.88	,	0.605996
8042.89	,	0.607982
8042.9	,	0.590817
8042.91	,	0.61372
8042.92	,	0.607861
8042.93	,	0.602074
8042.94	,	0.615242
8042.95	,	0.605969
8042.96	,	0.643387
8042.97	,	0.624562
8042.98	,	0.633105
8042.99	,	0.631089
8043	,	0.639476
8043.01	,	0.640554
8043.02	,	0.650396
8043.03	,	0.627812
8043.04	,	0.639727
8043.05	,	0.649465
8043.06	,	0.654186
8043.07	,	0.663072
8043.08	,	0.665889
8043.09	,	0.667972
8043.1	,	0.640478
8043.11	,	0.665731
8043.12	,	0.690445
8043.13	,	0.670236
8043.14	,	0.67191
8043.15	,	0.666637
8043.16	,	0.689915
8043.17	,	0.687192
8043.18	,	0.683121
8043.19	,	0.681556
8043.2	,	0.701416
8043.21	,	0.67734
8043.22	,	0.693742
8043.23	,	0.708756
8043.24	,	0.712568
8043.25	,	0.699527
8043.26	,	0.715119
8043.27	,	0.725304
8043.28	,	0.710243
8043.29	,	0.710596
8043.3	,	0.707802
8043.31	,	0.742193
8043.32	,	0.743556
8043.33	,	0.740596
8043.34	,	0.740132
8043.35	,	0.723364
8043.36	,	0.737714
8043.37	,	0.747486
8043.38	,	0.766695
8043.39	,	0.739839
8043.4	,	0.759743
8043.41	,	0.771285
8043.42	,	0.785863
8043.43	,	0.773599
8043.44	,	0.793056
8043.45	,	0.763304
8043.46	,	0.782791
8043.47	,	0.775565
8043.48	,	0.796541
8043.49	,	0.786794
8043.5	,	0.7903
8043.51	,	0.782088
8043.52	,	0.788461
8043.53	,	0.786932
8043.54	,	0.806548
8043.55	,	0.82125
8043.56	,	0.798585
8043.57	,	0.813305
8043.58	,	0.82257
8043.59	,	0.83535
8043.6	,	0.844091
8043.61	,	0.862383
8043.62	,	0.823533
8043.63	,	0.841327
8043.64	,	0.852116
8043.65	,	0.827274
8043.66	,	0.84822
8043.67	,	0.841919
8043.68	,	0.865892
8043.69	,	0.858946
8043.7	,	0.863965
8043.71	,	0.884092
8043.72	,	0.889214
8043.73	,	0.878858
8043.74	,	0.883856
8043.75	,	0.910888
8043.76	,	0.919238
8043.77	,	0.91434
8043.78	,	0.911338
8043.79	,	0.914527
8043.8	,	0.913855
8043.81	,	0.92131
8043.82	,	0.918351
8043.83	,	0.934751
8043.84	,	0.933872
8043.85	,	0.9608
8043.86	,	0.936545
8043.87	,	0.965098
8043.88	,	0.957995
8043.89	,	0.951434
8043.9	,	0.984365
8043.91	,	0.975658
8043.92	,	0.986969
8043.93	,	0.967744
8043.94	,	0.994499
8043.95	,	0.985791
8043.96	,	1.00084
8043.97	,	1.01893
8043.98	,	1.01307
8043.99	,	1.01561
8044	,	1.0356
8044.01	,	1.00017
8044.02	,	1.02347
8044.03	,	1.02473
8044.04	,	1.02744
8044.05	,	1.04974
8044.06	,	1.05531
8044.07	,	1.04712
8044.08	,	1.07829
8044.09	,	1.05861
8044.1	,	1.06989
8044.11	,	1.07798
8044.12	,	1.08549
8044.13	,	1.10821
8044.14	,	1.09172
8044.15	,	1.1073
8044.16	,	1.09869
8044.17	,	1.11154
8044.18	,	1.14513
8044.19	,	1.11155
8044.2	,	1.13962
8044.21	,	1.12598
8044.22	,	1.12999
8044.23	,	1.14535
8044.24	,	1.15579
8044.25	,	1.16704
8044.26	,	1.17011
8044.27	,	1.18251
8044.28	,	1.15528
8044.29	,	1.20639
8044.3	,	1.20479
8044.31	,	1.1963
8044.32	,	1.22549
8044.33	,	1.24577
8044.34	,	1.21625
8044.35	,	1.23812
8044.36	,	1.2324
8044.37	,	1.26558
8044.38	,	1.23763
8044.39	,	1.23873
8044.4	,	1.26591
8044.41	,	1.26128
8044.42	,	1.29512
8044.43	,	1.2699
8044.44	,	1.28191
8044.45	,	1.28083
8044.46	,	1.3109
8044.47	,	1.29923
8044.48	,	1.32061
8044.49	,	1.31756
8044.5	,	1.34732
8044.51	,	1.35153
8044.52	,	1.3389
8044.53	,	1.37457
8044.54	,	1.36438
8044.55	,	1.35282
8044.56	,	1.38539
8044.57	,	1.40925
8044.58	,	1.40071
8044.59	,	1.38787
8044.6	,	1.39611
8044.61	,	1.43844
8044.62	,	1.45023
8044.63	,	1.42244
8044.64	,	1.42029
8044.65	,	1.42772
8044.66	,	1.43855
8044.67	,	1.44206
8044.68	,	1.47385
8044.69	,	1.48772
8044.7	,	1.49201
8044.71	,	1.49125
8044.72	,	1.51247
8044.73	,	1.50507
8044.74	,	1.50477
8044.75	,	1.5147
8044.76	,	1.53353
8044.77	,	1.5297
8044.78	,	1.5321
8044.79	,	1.56416
8044.8	,	1.54971
8044.81	,	1.57324
8044.82	,	1.55584
8044.83	,	1.56146
8044.84	,	1.58114
8044.85	,	1.61469
8044.86	,	1.57459
8044.87	,	1.61884
8044.88	,	1.60765
8044.89	,	1.625
8044.9	,	1.62123
8044.91	,	1.61148
8044.92	,	1.66288
8044.93	,	1.63227
8044.94	,	1.67436
8044.95	,	1.68121
8044.96	,	1.65882
8044.97	,	1.70693
8044.98	,	1.69589
8044.99	,	1.7262
8045	,	1.71236
8045.01	,	1.71857
8045.02	,	1.72765
8045.03	,	1.74473
8045.04	,	1.72726
8045.05	,	1.75006
8045.06	,	1.78088
8045.07	,	1.79143
8045.08	,	1.77601
8045.09	,	1.80697
8045.1	,	1.80427
8045.11	,	1.80933
8045.12	,	1.81599
8045.13	,	1.80577
8045.14	,	1.8254
8045.15	,	1.8428
8045.16	,	1.83867
8045.17	,	1.84005
8045.18	,	1.86848
8045.19	,	1.8436
8045.2	,	1.88546
8045.21	,	1.90749
8045.22	,	1.90663
8045.23	,	1.88606
8045.24	,	1.88966
8045.25	,	1.93944
8045.26	,	1.92603
8045.27	,	1.94526
8045.28	,	1.93229
8045.29	,	1.92883
8045.3	,	1.95559
8045.31	,	1.97638
8045.32	,	1.98466
8045.33	,	1.98556
8045.34	,	2.01342
8045.35	,	2.01617
8045.36	,	2.01141
8045.37	,	2.0222
8045.38	,	2.0168
8045.39	,	2.06739
8045.4	,	2.04747
8045.41	,	2.06426
8045.42	,	2.07758
8045.43	,	2.07323
8045.44	,	2.04979
8045.45	,	2.05164
8045.46	,	2.07795
8045.47	,	2.09768
8045.48	,	2.10916
8045.49	,	2.10891
8045.5	,	2.08842
8045.51	,	2.13569
8045.52	,	2.11504
8045.53	,	2.12067
8045.54	,	2.16778
8045.55	,	2.17063
8045.56	,	2.1933
8045.57	,	2.21734
8045.58	,	2.1958
8045.59	,	2.21782
8045.6	,	2.20435
8045.61	,	2.24796
8045.62	,	2.27847
8045.63	,	2.23625
8045.64	,	2.25211
8045.65	,	2.26353
8045.66	,	2.26253
8045.67	,	2.30742
8045.68	,	2.3195
8045.69	,	2.29494
8045.7	,	2.32831
8045.71	,	2.29264
8045.72	,	2.3484
8045.73	,	2.37159
8045.74	,	2.36061
8045.75	,	2.34717
8045.76	,	2.39621
8045.77	,	2.38447
8045.78	,	2.35041
8045.79	,	2.40602
8045.8	,	2.42814
8045.81	,	2.39696
8045.82	,	2.47369
8045.83	,	2.455
8045.84	,	2.4279
8045.85	,	2.47498
8045.86	,	2.48233
8045.87	,	2.52216
8045.88	,	2.48569
8045.89	,	2.52303
8045.9	,	2.49614
8045.91	,	2.57674
8045.92	,	2.58306
8045.93	,	2.59124
8045.94	,	2.58456
8045.95	,	2.64477
8045.96	,	2.61932
8045.97	,	2.59273
8045.98	,	2.66771
8045.99	,	2.6465
8046	,	2.67465
8046.01	,	2.68048
8046.02	,	2.72979
8046.03	,	2.72517
8046.04	,	2.6609
8046.05	,	2.73147
8046.06	,	2.7745
8046.07	,	2.8024
8046.08	,	2.80572
8046.09	,	2.84763
8046.1	,	2.77842
8046.11	,	2.84037
8046.12	,	2.87447
8046.13	,	2.85197
8046.14	,	2.90995
8046.15	,	2.91991
8046.16	,	2.88076
8046.17	,	2.93243
8046.18	,	2.99853
8046.19	,	3.01676
8046.2	,	3.01776
8046.21	,	3.01141
8046.22	,	3.02048
8046.23	,	2.98196
8046.24	,	3.05317
8046.25	,	3.10013
8046.26	,	3.11568
8046.27	,	3.12015
8046.28	,	3.0895
8046.29	,	3.15379
8046.3	,	3.12725
8046.31	,	3.19545
8046.32	,	3.1865
8046.33	,	3.24244
8046.34	,	3.23647
8046.35	,	3.25996
8046.36	,	3.2657
8046.37	,	3.28155
8046.38	,	3.31026
8046.39	,	3.32633
8046.4	,	3.36465
8046.41	,	3.37593
8046.42	,	3.40197
8046.43	,	3.42529
8046.44	,	3.47504
8046.45	,	3.48283
8046.46	,	3.48308
8046.47	,	3.50459
8046.48	,	3.53672
8046.49	,	3.53977
8046.5	,	3.60571
8046.51	,	3.59397
8046.52	,	3.63497
8046.53	,	3.63502
8046.54	,	3.68688
8046.55	,	3.70414
8046.56	,	3.72737
8046.57	,	3.78439
8046.58	,	3.75649
8046.59	,	3.82512
8046.6	,	3.82728
8046.61	,	3.87497
8046.62	,	3.91804
8046.63	,	3.9261
8046.64	,	3.93743
8046.65	,	3.98901
8046.66	,	3.99671
8046.67	,	4.01841
8046.68	,	4.06034
8046.69	,	4.06752
8046.7	,	4.13597
8046.71	,	4.14477
8046.72	,	4.16403
8046.73	,	4.19978
8046.74	,	4.23121
8046.75	,	4.24389
8046.76	,	4.30837
8046.77	,	4.31058
8046.78	,	4.34899
8046.79	,	4.37814
8046.8	,	4.43875
8046.81	,	4.43776
8046.82	,	4.48184
8046.83	,	4.50354
8046.84	,	4.53858
8046.85	,	4.59677
8046.86	,	4.63507
8046.87	,	4.68156
8046.88	,	4.6819
8046.89	,	4.72893
8046.9	,	4.78173
8046.91	,	4.78366
8046.92	,	4.82323
8046.93	,	4.87428
8046.94	,	4.87889
8046.95	,	4.95191
8046.96	,	4.97457
8046.97	,	5.01711
8046.98	,	5.04404
8046.99	,	5.07995
8047	,	5.10677
8047.01	,	5.17856
8047.02	,	5.20589
8047.03	,	5.25524
8047.04	,	5.27535
8047.05	,	5.34096
8047.06	,	5.33685
8047.07	,	5.41393
8047.08	,	5.43342
8047.09	,	5.49992
8047.1	,	5.54132
8047.11	,	5.56729
8047.12	,	5.58473
8047.13	,	5.64559
8047.14	,	5.66484
8047.15	,	5.70035
8047.16	,	5.73604
8047.17	,	5.78636
8047.18	,	5.82877
8047.19	,	5.86234
8047.2	,	5.90588
8047.21	,	5.99117
8047.22	,	5.98905
8047.23	,	6.04249
8047.24	,	6.05833
8047.25	,	6.13093
8047.26	,	6.14547
8047.27	,	6.21038
8047.28	,	6.20368
8047.29	,	6.30004
8047.3	,	6.32089
8047.31	,	6.37935
8047.32	,	6.40641
8047.33	,	6.46952
8047.34	,	6.47781
8047.35	,	6.53353
8047.36	,	6.59345
8047.37	,	6.59343
8047.38	,	6.63614
8047.39	,	6.66915
8047.4	,	6.71945
8047.41	,	6.75058
8047.42	,	6.79205
8047.43	,	6.86261
8047.44	,	6.85448
8047.45	,	6.92354
8047.46	,	6.94574
8047.47	,	6.9807
8047.48	,	6.98
8047.49	,	7.00462
8047.5	,	7.09532
8047.51	,	7.1212
8047.52	,	7.12735
8047.53	,	7.17759
8047.54	,	7.16003
8047.55	,	7.22313
8047.56	,	7.24994
8047.57	,	7.27201
8047.58	,	7.26213
8047.59	,	7.34472
8047.6	,	7.37354
8047.61	,	7.36633
8047.62	,	7.37964
8047.63	,	7.41187
8047.64	,	7.44148
8047.65	,	7.48343
8047.66	,	7.48801
8047.67	,	7.49252
8047.68	,	7.48647
8047.69	,	7.56844
8047.7	,	7.54556
8047.71	,	7.5562
8047.72	,	7.58527
8047.73	,	7.60667
8047.74	,	7.57812
8047.75	,	7.61605
8047.76	,	7.63257
8047.77	,	7.63654
8047.78	,	7.64197
8047.79	,	7.6346
8047.8	,	7.61973
8047.81	,	7.64523
8047.82	,	7.63506
8047.83	,	7.66266
8047.84	,	7.6288
8047.85	,	7.62166
8047.86	,	7.62617
8047.87	,	7.57731
8047.88	,	7.59322
8047.89	,	7.59278
8047.9	,	7.61526
8047.91	,	7.61773
8047.92	,	7.58464
8047.93	,	7.58849
8047.94	,	7.53125
8047.95	,	7.54258
8047.96	,	7.48943
8047.97	,	7.4887
8047.98	,	7.49114
8047.99	,	7.45998
8048	,	7.41432
8048.01	,	7.43482
8048.02	,	7.36403
8048.03	,	7.34654
8048.04	,	7.3593
8048.05	,	7.31161
8048.06	,	7.22523
8048.07	,	7.25025
8048.08	,	7.2503
8048.09	,	7.1959
8048.1	,	7.16386
8048.11	,	7.14425
8048.12	,	7.12003
8048.13	,	7.07396
8048.14	,	7.0438
8048.15	,	7.01445
8048.16	,	6.97796
8048.17	,	6.97419
8048.18	,	6.95353
8048.19	,	6.8877
8048.2	,	6.83571
8048.21	,	6.78323
8048.22	,	6.75151
8048.23	,	6.69328
8048.24	,	6.6583
8048.25	,	6.60029
8048.26	,	6.61408
8048.27	,	6.56915
8048.28	,	6.54271
8048.29	,	6.47228
8048.3	,	6.44358
8048.31	,	6.40256
8048.32	,	6.29618
8048.33	,	6.31135
8048.34	,	6.25625
8048.35	,	6.22601
8048.36	,	6.17492
8048.37	,	6.1636
8048.38	,	6.0989
8048.39	,	6.03834
8048.4	,	6.0103
8048.41	,	5.94635
8048.42	,	5.92983
8048.43	,	5.91318
8048.44	,	5.84377
8048.45	,	5.80207
8048.46	,	5.74905
8048.47	,	5.71323
8048.48	,	5.6678
8048.49	,	5.61758
8048.5	,	5.60166
8048.51	,	5.55161
8048.52	,	5.49941
8048.53	,	5.46333
8048.54	,	5.38571
8048.55	,	5.38855
8048.56	,	5.32166
8048.57	,	5.25426
8048.58	,	5.19437
8048.59	,	5.203
8048.6	,	5.16434
8048.61	,	5.12531
8048.62	,	5.08477
8048.63	,	5.04345
8048.64	,	4.9818
8048.65	,	4.92519
8048.66	,	4.90836
8048.67	,	4.84827
8048.68	,	4.85082
8048.69	,	4.80984
8048.7	,	4.74311
8048.71	,	4.67711
8048.72	,	4.67046
8048.73	,	4.66229
8048.74	,	4.58324
8048.75	,	4.56236
8048.76	,	4.49264
8048.77	,	4.46783
8048.78	,	4.39887
8048.79	,	4.40581
8048.8	,	4.3419
8048.81	,	4.32352
8048.82	,	4.28447
8048.83	,	4.24184
8048.84	,	4.19317
8048.85	,	4.18969
8048.86	,	4.15483
8048.87	,	4.0835
8048.88	,	4.14243
8048.89	,	4.10295
8048.9	,	4.02998
8048.91	,	4.01864
8048.92	,	3.96193
8048.93	,	3.942
8048.94	,	3.91459
8048.95	,	3.84517
8048.96	,	3.8399
8048.97	,	3.79857
8048.98	,	3.72661
8048.99	,	3.70744
8049	,	3.70758
8049.01	,	3.66023
8049.02	,	3.64775
8049.03	,	3.587
8049.04	,	3.54967
8049.05	,	3.5567
8049.06	,	3.48662
8049.07	,	3.46646
8049.08	,	3.40448
8049.09	,	3.44677
8049.1	,	3.38644
8049.11	,	3.29812
8049.12	,	3.32001
8049.13	,	3.29889
8049.14	,	3.25194
8049.15	,	3.22721
8049.16	,	3.21137
8049.17	,	3.17279
8049.18	,	3.19365
8049.19	,	3.13254
8049.2	,	3.09041
8049.21	,	3.11973
8049.22	,	3.04027
8049.23	,	3.015
8049.24	,	2.99344
8049.25	,	2.97721
8049.26	,	2.99098
8049.27	,	2.95055
8049.28	,	2.92862
8049.29	,	2.89511
8049.3	,	2.85035
8049.31	,	2.84674
8049.32	,	2.80084
8049.33	,	2.80088
8049.34	,	2.72965
8049.35	,	2.73682
8049.36	,	2.69146
8049.37	,	2.62765
8049.38	,	2.66702
8049.39	,	2.61109
8049.4	,	2.63554
8049.41	,	2.63518
8049.42	,	2.61652
8049.43	,	2.51132
8049.44	,	2.5471
8049.45	,	2.56381
8049.46	,	2.49277
8049.47	,	2.44203
8049.48	,	2.47097
8049.49	,	2.40245
8049.5	,	2.41426
8049.51	,	2.40392
8049.52	,	2.36974
8049.53	,	2.38099
8049.54	,	2.36082
8049.55	,	2.31413
8049.56	,	2.32963
8049.57	,	2.2539
8049.58	,	2.23121
8049.59	,	2.23798
8049.6	,	2.19811
8049.61	,	2.21204
8049.62	,	2.23149
8049.63	,	2.13063
8049.64	,	2.14444
8049.65	,	2.13316
8049.66	,	2.09659
8049.67	,	2.11351
8049.68	,	2.06182
8049.69	,	2.05522
8049.7	,	2.05025
8049.71	,	2.05515
8049.72	,	2.06483
8049.73	,	2.00938
8049.74	,	1.97967
8049.75	,	1.9765
8049.76	,	1.95111
8049.77	,	1.93456
8049.78	,	1.93858
8049.79	,	1.91066
8049.8	,	1.90583
8049.81	,	1.92177
8049.82	,	1.8795
8049.83	,	1.85803
8049.84	,	1.85865
8049.85	,	1.82424
8049.86	,	1.83223
8049.87	,	1.80176
8049.88	,	1.79463
8049.89	,	1.74122
8049.9	,	1.78786
8049.91	,	1.77196
8049.92	,	1.72768
8049.93	,	1.77038
8049.94	,	1.70338
8049.95	,	1.66973
8049.96	,	1.71067
8049.97	,	1.68298
8049.98	,	1.67419
8049.99	,	1.65074
8050	,	1.63312
8050.01	,	1.61337
8050.02	,	1.60782
8050.03	,	1.6255
8050.04	,	1.61341
8050.05	,	1.57905
8050.06	,	1.58555
8050.07	,	1.5432
8050.08	,	1.57631
8050.09	,	1.54292
8050.1	,	1.53477
8050.11	,	1.54373
8050.12	,	1.52715
8050.13	,	1.51787
8050.14	,	1.49949
8050.15	,	1.45728
8050.16	,	1.485
8050.17	,	1.45288
8050.18	,	1.47196
8050.19	,	1.45127
8050.2	,	1.43363
8050.21	,	1.42002
8050.22	,	1.42377
8050.23	,	1.44998
8050.24	,	1.3961
8050.25	,	1.39133
8050.26	,	1.35492
8050.27	,	1.35845
8050.28	,	1.3661
8050.29	,	1.31865
8050.3	,	1.35779
8050.31	,	1.33139
8050.32	,	1.32029
8050.33	,	1.33553
8050.34	,	1.29597
8050.35	,	1.28709
8050.36	,	1.30985
8050.37	,	1.2893
8050.38	,	1.30158
8050.39	,	1.26481
8050.4	,	1.23486
8050.41	,	1.24559
8050.42	,	1.25993
8050.43	,	1.25263
8050.44	,	1.23128
8050.45	,	1.21593
8050.46	,	1.21424
8050.47	,	1.2011
8050.48	,	1.19289
8050.49	,	1.18906
8050.5	,	1.2025
8050.51	,	1.15668
8050.52	,	1.17773
8050.53	,	1.16286
8050.54	,	1.18241
8050.55	,	1.15648
8050.56	,	1.16603
8050.57	,	1.14094
8050.58	,	1.11044
8050.59	,	1.09521
8050.6	,	1.12036
8050.61	,	1.09413
8050.62	,	1.10769
8050.63	,	1.1333
8050.64	,	1.08697
8050.65	,	1.11436
8050.66	,	1.07086
8050.67	,	1.10721
8050.68	,	1.06351
8050.69	,	1.06881
8050.7	,	1.07561
8050.71	,	1.0339
8050.72	,	1.05591
8050.73	,	1.0515
8050.74	,	1.04415
8050.75	,	1.04285
8050.76	,	1.04885
8050.77	,	1.05304
8050.78	,	1.00822
8050.79	,	1.01125
8050.8	,	0.973941
8050.81	,	1.00596
8050.82	,	0.974514
8050.83	,	0.991925
8050.84	,	0.978957
8050.85	,	0.972012
8050.86	,	0.966213
8050.87	,	0.956743
8050.88	,	0.96761
8050.89	,	0.971691
8050.9	,	0.940518
8050.91	,	0.922494
8050.92	,	0.94164
8050.93	,	0.957724
8050.94	,	0.926544
8050.95	,	0.917384
8050.96	,	0.927222
8050.97	,	0.888684
8050.98	,	0.905542
8050.99	,	0.908896
8051	,	0.909809
8051.01	,	0.894243
8051.02	,	0.881418
8051.03	,	0.881018
8051.04	,	0.864711
8051.05	,	0.874985
8051.06	,	0.861871
8051.07	,	0.873493
8051.08	,	0.851534
8051.09	,	0.867231
8051.1	,	0.863482
8051.11	,	0.839752
8051.12	,	0.843464
8051.13	,	0.84963
8051.14	,	0.838929
8051.15	,	0.823404
8051.16	,	0.830862
8051.17	,	0.834663
8051.18	,	0.807706
8051.19	,	0.805334
8051.2	,	0.822291
8051.21	,	0.819238
8051.22	,	0.784358
8051.23	,	0.784352
8051.24	,	0.784973
8051.25	,	0.788184
8051.26	,	0.790343
8051.27	,	0.777216
8051.28	,	0.79143
8051.29	,	0.759383
8051.3	,	0.769554
8051.31	,	0.773349
8051.32	,	0.778278
8051.33	,	0.786817
8051.34	,	0.779498
8051.35	,	0.763129
8051.36	,	0.745286
8051.37	,	0.749522
8051.38	,	0.747802
8051.39	,	0.73914
8051.4	,	0.745449
8051.41	,	0.746696
8051.42	,	0.72
8051.43	,	0.738397
8051.44	,	0.714237
8051.45	,	0.71398
8051.46	,	0.713216
8051.47	,	0.714145
8051.48	,	0.706349
8051.49	,	0.700273
8051.5	,	0.702486
8051.51	,	0.699997
8051.52	,	0.694104
8051.53	,	0.691101
8051.54	,	0.667095
8051.55	,	0.686833
8051.56	,	0.686768
8051.57	,	0.682349
8051.58	,	0.700363
8051.59	,	0.669863
8051.6	,	0.674892
8051.61	,	0.680565
8051.62	,	0.682615
8051.63	,	0.656732
8051.64	,	0.680326
8051.65	,	0.650142
8051.66	,	0.652489
8051.67	,	0.674175
8051.68	,	0.642445
8051.69	,	0.666554
8051.7	,	0.641175
8051.71	,	0.650095
8051.72	,	0.632497
8051.73	,	0.657155
8051.74	,	0.631025
8051.75	,	0.63345
8051.76	,	0.635075
8051.77	,	0.645784
8051.78	,	0.621887
8051.79	,	0.629094
8051.8	,	0.636554
8051.81	,	0.622867
8051.82	,	0.625274
8051.83	,	0.602565
8051.84	,	0.603001
8051.85	,	0.61766
8051.86	,	0.608681
8051.87	,	0.615702
8051.88	,	0.583902
8051.89	,	0.607616
8051.9	,	0.595832
8051.91	,	0.584396
8051.92	,	0.576243
8051.93	,	0.585164
8051.94	,	0.589285
8051.95	,	0.589469
8051.96	,	0.576379
8051.97	,	0.59322
8051.98	,	0.559507
8051.99	,	0.578997
8052	,	0.548308
8052.01	,	0.586294
8052.02	,	0.560069
8052.03	,	0.555614
8052.04	,	0.578725
8052.05	,	0.543539
8052.06	,	0.559019
8052.07	,	0.559197
8052.08	,	0.552595
8052.09	,	0.56318
8052.1	,	0.54415
8052.11	,	0.549357
8052.12	,	0.551148
8052.13	,	0.551286
8052.14	,	0.537339
8052.15	,	0.534846
8052.16	,	0.530859
8052.17	,	0.528052
8052.18	,	0.537622
8052.19	,	0.508161
8052.2	,	0.528323
8052.21	,	0.52592
8052.22	,	0.52037
8052.23	,	0.51371
8052.24	,	0.51302
8052.25	,	0.531037
8052.26	,	0.495381
8052.27	,	0.499946
8052.28	,	0.504907
8052.29	,	0.519361
8052.3	,	0.522591
8052.31	,	0.502267
8052.32	,	0.502178
8052.33	,	0.510084
8052.34	,	0.497676
8052.35	,	0.501621
8052.36	,	0.494344
8052.37	,	0.509665
8052.38	,	0.482325
8052.39	,	0.510159
8052.4	,	0.492217
8052.41	,	0.488933
8052.42	,	0.485356
8052.43	,	0.483489
8052.44	,	0.469153
8052.45	,	0.488405
8052.46	,	0.477532
8052.47	,	0.475458
8052.48	,	0.456775
8052.49	,	0.486164
8052.5	,	0.467808
8052.51	,	0.453196
8052.52	,	0.466556
8052.53	,	0.471774
8052.54	,	0.458071
8052.55	,	0.45669
8052.56	,	0.453329
8052.57	,	0.440611
8052.58	,	0.475455
8052.59	,	0.457934
8052.6	,	0.448756
8052.61	,	0.466288
8052.62	,	0.450619
8052.63	,	0.449107
8052.64	,	0.449557
8052.65	,	0.447276
8052.66	,	0.465495
8052.67	,	0.443847
8052.68	,	0.445881
8052.69	,	0.442318
8052.7	,	0.4341
8052.71	,	0.43707
8052.72	,	0.430576
8052.73	,	0.444282
8052.74	,	0.428773
8052.75	,	0.43531
8052.76	,	0.443043
8052.77	,	0.419666
8052.78	,	0.431674
8052.79	,	0.432712
8052.8	,	0.430255
8052.81	,	0.41207
8052.82	,	0.420722
8052.83	,	0.416303
8052.84	,	0.420885
8052.85	,	0.41302
8052.86	,	0.413622
8052.87	,	0.425307
8052.88	,	0.412354
8052.89	,	0.399273
8052.9	,	0.4168
8052.91	,	0.409573
8052.92	,	0.411155
8052.93	,	0.414921
8052.94	,	0.416793
8052.95	,	0.398466
8052.96	,	0.422238
8052.97	,	0.398288
8052.98	,	0.39948
8052.99	,	0.387
8053	,	0.393832
8053.01	,	0.405307
8053.02	,	0.405016
8053.03	,	0.384352
8053.04	,	0.394536
8053.05	,	0.382358
8053.06	,	0.395716
8053.07	,	0.392454
8053.08	,	0.392752
8053.09	,	0.383987
8053.1	,	0.376573
8053.11	,	0.378797
8053.12	,	0.380357
8053.13	,	0.405093
8053.14	,	0.377757
8053.15	,	0.37027
8053.16	,	0.386913
8053.17	,	0.377596
8053.18	,	0.379074
8053.19	,	0.377906
8053.2	,	0.371779
8053.21	,	0.372772
8053.22	,	0.367521
8053.23	,	0.380996
8053.24	,	0.36329
8053.25	,	0.367192
8053.26	,	0.361277
8053.27	,	0.360844
8053.28	,	0.351483
8053.29	,	0.367398
8053.3	,	0.374759
8053.31	,	0.343221
8053.32	,	0.355525
8053.33	,	0.33714
8053.34	,	0.366754
8053.35	,	0.350393
8053.36	,	0.34763
8053.37	,	0.346413
8053.38	,	0.346815
8053.39	,	0.341449
8053.4	,	0.361754
8053.41	,	0.330027
8053.42	,	0.344201
8053.43	,	0.342221
8053.44	,	0.334715
8053.45	,	0.335847
8053.46	,	0.341722
8053.47	,	0.348048
8053.48	,	0.329085
8053.49	,	0.344817
8053.5	,	0.33186
8053.51	,	0.330789
8053.52	,	0.326051
8053.53	,	0.336467
8053.54	,	0.338306
8053.55	,	0.328612
8053.56	,	0.323054
8053.57	,	0.319418
8053.58	,	0.337767
8053.59	,	0.326894
8053.6	,	0.333056
8053.61	,	0.325385
8053.62	,	0.327427
8053.63	,	0.314108
8053.64	,	0.318051
8053.65	,	0.309956
8053.66	,	0.317125
8053.67	,	0.302137
8053.68	,	0.330704
8053.69	,	0.316978
8053.7	,	0.323814
8053.71	,	0.316737
8053.72	,	0.316559
8053.73	,	0.296621
8053.74	,	0.311908
8053.75	,	0.318901
8053.76	,	0.316882
8053.77	,	0.306699
8053.78	,	0.300027
8053.79	,	0.315443
8053.8	,	0.317826
8053.81	,	0.29464
8053.82	,	0.302174
8053.83	,	0.304595
8053.84	,	0.295758
8053.85	,	0.288356
8053.86	,	0.290651
8053.87	,	0.293329
8053.88	,	0.294951
8053.89	,	0.291885
8053.9	,	0.285168
8053.91	,	0.304022
8053.92	,	0.310028
8053.93	,	0.298901
8053.94	,	0.3114
8053.95	,	0.287947
8053.96	,	0.285156
8053.97	,	0.298672
8053.98	,	0.28614
8053.99	,	0.294607
8054	,	0.269341
8054.01	,	0.284551
8054.02	,	0.273985
8054.03	,	0.287126
8054.04	,	0.277714
8054.05	,	0.290294
8054.06	,	0.299951
8054.07	,	0.279719
8054.08	,	0.275179
8054.09	,	0.287545
8054.1	,	0.277158
8054.11	,	0.282784
8054.12	,	0.270352
8054.13	,	0.276807
8054.14	,	0.279831
8054.15	,	0.272563
8054.16	,	0.287357
8054.17	,	0.273914
8054.18	,	0.264037
8054.19	,	0.276523
8054.2	,	0.275853
8054.21	,	0.270044
8054.22	,	0.257136
8054.23	,	0.264556
8054.24	,	0.247419
8054.25	,	0.278716
8054.26	,	0.263101
8054.27	,	0.270577
8054.28	,	0.281174
8054.29	,	0.261547
8054.3	,	0.26786
8054.31	,	0.257616
8054.32	,	0.26383
8054.33	,	0.259762
8054.34	,	0.255607
8054.35	,	0.268188
8054.36	,	0.259864
8054.37	,	0.248957
8054.38	,	0.265636
8054.39	,	0.255918
8054.4	,	0.262705
8054.41	,	0.248945
8054.42	,	0.253834
8054.43	,	0.251715
8054.44	,	0.247577
8054.45	,	0.264682
8054.46	,	0.252746
8054.47	,	0.240465
8054.48	,	0.249425
8054.49	,	0.238423
8054.5	,	0.249599
8054.51	,	0.256903
8054.52	,	0.247021
8054.53	,	0.232888
8054.54	,	0.254896
8054.55	,	0.253725
8054.56	,	0.238288
8054.57	,	0.245479
8054.58	,	0.242735
8054.59	,	0.247592
8054.6	,	0.238243
8054.61	,	0.235759
8054.62	,	0.249257
8054.63	,	0.227306
8054.64	,	0.239831
8054.65	,	0.222841
8054.66	,	0.243055
8054.67	,	0.234337
8054.68	,	0.234329
8054.69	,	0.241261
8054.7	,	0.2339
8054.71	,	0.241159
8054.72	,	0.234448
8054.73	,	0.238058
8054.74	,	0.232827
8054.75	,	0.225611
8054.76	,	0.22978
8054.77	,	0.225897
8054.78	,	0.242332
8054.79	,	0.216985
8054.8	,	0.217945
8054.81	,	0.225294
8054.82	,	0.238632
8054.83	,	0.230886
8054.84	,	0.228262
8054.85	,	0.232325
8054.86	,	0.226017
8054.87	,	0.219764
8054.88	,	0.210757
8054.89	,	0.226864
8054.9	,	0.222149
8054.91	,	0.210123
8054.92	,	0.225293
8054.93	,	0.22046
8054.94	,	0.215037
8054.95	,	0.229724
8054.96	,	0.217001
8054.97	,	0.227308
8054.98	,	0.208618
8054.99	,	0.214148
8055	,	0.212983
8055.01	,	0.220696
8055.02	,	0.217646
8055.03	,	0.220756
8055.04	,	0.211569
8055.05	,	0.225644
8055.06	,	0.207211
8055.07	,	0.21702
8055.08	,	0.222134
8055.09	,	0.219875
8055.1	,	0.206486
8055.11	,	0.216546
8055.12	,	0.209173
8055.13	,	0.210325
8055.14	,	0.210404
8055.15	,	0.215975
8055.16	,	0.194128
8055.17	,	0.201829
8055.18	,	0.211372
8055.19	,	0.202999
8055.2	,	0.208875
8055.21	,	0.200766
8055.22	,	0.197567
8055.23	,	0.202642
8055.24	,	0.21204
8055.25	,	0.204764
8055.26	,	0.207313
8055.27	,	0.209144
8055.28	,	0.223299
8055.29	,	0.199067
8055.3	,	0.19593
8055.31	,	0.208769
8055.32	,	0.198241
8055.33	,	0.207525
8055.34	,	0.200029
8055.35	,	0.203281
8055.36	,	0.201599
8055.37	,	0.216695
8055.38	,	0.197398
8055.39	,	0.200011
8055.4	,	0.198393
8055.41	,	0.206673
8055.42	,	0.181087
8055.43	,	0.195346
8055.44	,	0.199337
8055.45	,	0.188797
8055.46	,	0.183323
8055.47	,	0.197596
8055.48	,	0.197219
8055.49	,	0.20358
8055.5	,	0.190533
8055.51	,	0.188427
8055.52	,	0.188206
8055.53	,	0.19516
8055.54	,	0.193175
8055.55	,	0.191134
8055.56	,	0.19384
8055.57	,	0.18415
8055.58	,	0.186608
8055.59	,	0.188716
8055.6	,	0.183155
8055.61	,	0.176819
8055.62	,	0.179275
8055.63	,	0.189911
8055.64	,	0.196325
8055.65	,	0.180376
8055.66	,	0.183966
8055.67	,	0.18059
8055.68	,	0.18351
8055.69	,	0.18738
8055.7	,	0.183781
8055.71	,	0.174519
8055.72	,	0.177119
8055.73	,	0.17459
8055.74	,	0.179002
8055.75	,	0.182072
8055.76	,	0.179636
8055.77	,	0.175206
8055.78	,	0.166161
8055.79	,	0.174328
8055.8	,	0.173921
8055.81	,	0.180587
8055.82	,	0.184316
8055.83	,	0.183691
8055.84	,	0.174153
8055.85	,	0.180652
8055.86	,	0.178656
8055.87	,	0.168573
8055.88	,	0.178018
8055.89	,	0.167428
8055.9	,	0.188318
8055.91	,	0.174417
8055.92	,	0.170328
8055.93	,	0.168097
8055.94	,	0.181795
8055.95	,	0.167367
8055.96	,	0.170095
8055.97	,	0.179853
8055.98	,	0.174599
8055.99	,	0.172057
8056	,	0.17784
8056.01	,	0.166422
8056.02	,	0.190481
8056.03	,	0.170856
8056.04	,	0.18117
8056.05	,	0.168963
8056.06	,	0.172777
8056.07	,	0.175375
8056.08	,	0.166471
8056.09	,	0.160737
8056.1	,	0.177644
8056.11	,	0.164285
8056.12	,	0.175556
8056.13	,	0.161018
8056.14	,	0.169879
8056.15	,	0.176507
8056.16	,	0.165386
8056.17	,	0.167826
8056.18	,	0.166834
8056.19	,	0.160563
8056.2	,	0.157507
8056.21	,	0.159217
8056.22	,	0.165285
8056.23	,	0.159262
8056.24	,	0.158551
8056.25	,	0.159216
8056.26	,	0.158617
8056.27	,	0.161496
8056.28	,	0.174448
8056.29	,	0.151086
8056.3	,	0.155014
8056.31	,	0.154743
8056.32	,	0.172158
8056.33	,	0.156062
8056.34	,	0.173007
8056.35	,	0.158769
8056.36	,	0.142471
8056.37	,	0.155918
8056.38	,	0.161583
8056.39	,	0.155332
8056.4	,	0.154993
8056.41	,	0.165106
8056.42	,	0.150452
8056.43	,	0.138566
8056.44	,	0.151988
8056.45	,	0.151735
8056.46	,	0.154974
8056.47	,	0.146755
8056.48	,	0.151223
8056.49	,	0.151958
8056.5	,	0.150481
8056.51	,	0.142876
8056.52	,	0.157968
8056.53	,	0.16249
8056.54	,	0.150442
8056.55	,	0.15271
8056.56	,	0.154513
8056.57	,	0.154658
8056.58	,	0.142665
8056.59	,	0.153763
8056.6	,	0.152584
8056.61	,	0.141128
8056.62	,	0.146332
8056.63	,	0.145761
8056.64	,	0.140487
8056.65	,	0.157184
8056.66	,	0.155727
8056.67	,	0.166376
8056.68	,	0.150444
8056.69	,	0.150711
8056.7	,	0.138625
8056.71	,	0.149155
8056.72	,	0.133795
8056.73	,	0.133727
8056.74	,	0.135824
8056.75	,	0.160457
8056.76	,	0.137946
8056.77	,	0.13126
8056.78	,	0.150674
8056.79	,	0.142967
8056.8	,	0.139425
8056.81	,	0.141695
8056.82	,	0.152762
8056.83	,	0.143948
8056.84	,	0.150547
8056.85	,	0.151174
8056.86	,	0.151894
8056.87	,	0.134485
8056.88	,	0.137396
8056.89	,	0.132307
8056.9	,	0.133384
8056.91	,	0.136578
8056.92	,	0.135769
8056.93	,	0.13681
8056.94	,	0.143107
8056.95	,	0.137046
8056.96	,	0.138675
8056.97	,	0.142021
8056.98	,	0.130881
8056.99	,	0.137119
8057	,	0.142438
8057.01	,	0.147216
8057.02	,	0.139343
8057.03	,	0.14005
8057.04	,	0.138138
8057.05	,	0.141834
8057.06	,	0.131392
8057.07	,	0.142905
8057.08	,	0.136137
8057.09	,	0.140107
8057.1	,	0.136012
8057.11	,	0.132552
8057.12	,	0.129556
8057.13	,	0.132932
8057.14	,	0.130102
8057.15	,	0.139048
8057.16	,	0.142965
8057.17	,	0.123302
8057.18	,	0.1273
8057.19	,	0.122486
8057.2	,	0.124694
8057.21	,	0.137761
8057.22	,	0.133704
8057.23	,	0.132743
8057.24	,	0.137816
8057.25	,	0.12492
8057.26	,	0.126814
8057.27	,	0.134674
8057.28	,	0.129331
8057.29	,	0.128247
8057.3	,	0.135375
8057.31	,	0.127534
8057.32	,	0.118798
8057.33	,	0.129522
8057.34	,	0.127633
8057.35	,	0.140674
8057.36	,	0.138915
8057.37	,	0.135084
8057.38	,	0.117066
8057.39	,	0.131694
8057.4	,	0.127227
8057.41	,	0.129322
8057.42	,	0.136354
8057.43	,	0.121308
8057.44	,	0.124308
8057.45	,	0.11937
8057.46	,	0.140581
8057.47	,	0.129459
8057.48	,	0.124183
8057.49	,	0.123419
8057.5	,	0.132316
8057.51	,	0.127818
8057.52	,	0.114946
8057.53	,	0.134246
8057.54	,	0.11786
8057.55	,	0.115958
8057.56	,	0.12737
8057.57	,	0.130466
8057.58	,	0.117024
8057.59	,	0.121337
8057.6	,	0.114694
8057.61	,	0.129357
8057.62	,	0.126543
8057.63	,	0.119689
8057.64	,	0.123802
8057.65	,	0.13572
8057.66	,	0.125966
8057.67	,	0.127891
8057.68	,	0.128248
8057.69	,	0.132718
8057.7	,	0.123619
8057.71	,	0.120457
8057.72	,	0.105047
8057.73	,	0.119075
8057.74	,	0.120613
8057.75	,	0.113837
8057.76	,	0.122762
8057.77	,	0.118796
8057.78	,	0.125652
8057.79	,	0.126942
8057.8	,	0.123046
8057.81	,	0.120497
8057.82	,	0.120499
8057.83	,	0.113656
8057.84	,	0.131804
8057.85	,	0.119323
8057.86	,	0.118806
8057.87	,	0.122366
8057.88	,	0.120233
8057.89	,	0.12148
8057.9	,	0.111775
8057.91	,	0.115555
8057.92	,	0.112199
8057.93	,	0.11703
8057.94	,	0.109715
8057.95	,	0.11715
8057.96	,	0.11161
8057.97	,	0.114491
8057.98	,	0.104278
8057.99	,	0.107516
8058	,	0.124487
8058.01	,	0.112579
8058.02	,	0.111716
8058.03	,	0.107324
8058.04	,	0.121761
8058.05	,	0.131149
8058.06	,	0.120486
8058.07	,	0.107481
8058.08	,	0.104973
8058.09	,	0.115711
8058.1	,	0.11135
8058.11	,	0.117666
8058.12	,	0.112177
8058.13	,	0.115597
8058.14	,	0.111979
8058.15	,	0.106619
8058.16	,	0.111048
8058.17	,	0.117195
8058.18	,	0.105039
8058.19	,	0.121145
8058.2	,	0.107683
8058.21	,	0.11103
8058.22	,	0.0998528
8058.23	,	0.122013
8058.24	,	0.110266
8058.25	,	0.116807
8058.26	,	0.106958
8058.27	,	0.105662
8058.28	,	0.102412
8058.29	,	0.112212
8058.3	,	0.104513
8058.31	,	0.11743
8058.32	,	0.116817
8058.33	,	0.104138
8058.34	,	0.110846
8058.35	,	0.105428
8058.36	,	0.0990103
8058.37	,	0.108513
8058.38	,	0.105549
8058.39	,	0.100547
8058.4	,	0.106646
8058.41	,	0.106692
8058.42	,	0.110474
8058.43	,	0.109577
8058.44	,	0.106992
8058.45	,	0.100657
8058.46	,	0.0986047
8058.47	,	0.101725
8058.48	,	0.110889
8058.49	,	0.0991383
8058.5	,	0.109718
8058.51	,	0.102774
8058.52	,	0.102494
8058.53	,	0.0916418
8058.54	,	0.101516
8058.55	,	0.0996882
8058.56	,	0.100542
8058.57	,	0.102389
8058.58	,	0.112308
8058.59	,	0.106368
8058.6	,	0.104813
8058.61	,	0.110035
8058.62	,	0.100664
8058.63	,	0.100571
8058.64	,	0.107156
8058.65	,	0.117045
8058.66	,	0.10542
8058.67	,	0.110305
8058.68	,	0.098253
8058.69	,	0.112116
8058.7	,	0.105561
8058.71	,	0.0939326
8058.72	,	0.0963002
8058.73	,	0.0975354
8058.74	,	0.102157
8058.75	,	0.105422
8058.76	,	0.0984363
8058.77	,	0.0961717
8058.78	,	0.100824
8058.79	,	0.0947894
8058.8	,	0.101509
8058.81	,	0.100085
8058.82	,	0.0937753
8058.83	,	0.106978
8058.84	,	0.106746
8058.85	,	0.100842
8058.86	,	0.102358
8058.87	,	0.0996866
8058.88	,	0.087549
8058.89	,	0.0980146
8058.9	,	0.101542
8058.91	,	0.090288
8058.92	,	0.101103
8058.93	,	0.0911158
8058.94	,	0.103435
8058.95	,	0.0992514
8058.96	,	0.0878214
8058.97	,	0.101949
8058.98	,	0.0947165
8058.99	,	0.0983853
8059	,	0.0967973
8059.01	,	0.100985
8059.02	,	0.104853
8059.03	,	0.103385
8059.04	,	0.0972663
8059.05	,	0.0958374
8059.06	,	0.0932104
8059.07	,	0.094076
8059.08	,	0.0927724
8059.09	,	0.0972845
8059.1	,	0.0919981
8059.11	,	0.097143
8059.12	,	0.10087
8059.13	,	0.0990846
8059.14	,	0.0909994
8059.15	,	0.0971898
8059.16	,	0.0981503
8059.17	,	0.101493
8059.18	,	0.097509
8059.19	,	0.0938631
8059.2	,	0.0839304
8059.21	,	0.0986763
8059.22	,	0.0952801
8059.23	,	0.0921543
8059.24	,	0.0940682
8059.25	,	0.100045
8059.26	,	0.0928141
8059.27	,	0.0999943
8059.28	,	0.0944772
8059.29	,	0.0883034
8059.3	,	0.0915044
8059.31	,	0.0968179
8059.32	,	0.0899998
8059.33	,	0.09024
8059.34	,	0.0966991
8059.35	,	0.0910797
8059.36	,	0.087067
8059.37	,	0.0890265
8059.38	,	0.0845274
8059.39	,	0.096694
8059.4	,	0.0988106
8059.41	,	0.0959984
8059.42	,	0.0817367
8059.43	,	0.0958036
8059.44	,	0.0986331
8059.45	,	0.0984513
8059.46	,	0.0877432
8059.47	,	0.0947826
8059.48	,	0.0932899
8059.49	,	0.0994998
8059.5	,	0.0894808
8059.51	,	0.0901491
8059.52	,	0.0944471
8059.53	,	0.0912185
8059.54	,	0.0833293
8059.55	,	0.0902163
8059.56	,	0.087215
8059.57	,	0.0822155
8059.58	,	0.0930863
8059.59	,	0.0854564
8059.6	,	0.0961399
8059.61	,	0.0854948
8059.62	,	0.0952702
8059.63	,	0.0900092
8059.64	,	0.091647
8059.65	,	0.0931034
8059.66	,	0.0912669
8059.67	,	0.0841565
8059.68	,	0.0832835
8059.69	,	0.0926623
8059.7	,	0.0917368
8059.71	,	0.0898837
8059.72	,	0.0881875
8059.73	,	0.0948407
8059.74	,	0.0864829
8059.75	,	0.0895041
8059.76	,	0.07738
8059.77	,	0.0971563
8059.78	,	0.0897147
8059.79	,	0.0890839
8059.8	,	0.0885788
8059.81	,	0.0795622
8059.82	,	0.0875317
8059.83	,	0.0896616
8059.84	,	0.0884138
8059.85	,	0.0855458
8059.86	,	0.0879595
8059.87	,	0.0864044
8059.88	,	0.0922459
8059.89	,	0.0741601
8059.9	,	0.0825919
8059.91	,	0.08531
8059.92	,	0.089039
8059.93	,	0.0774364
8059.94	,	0.0892442
8059.95	,	0.0882154
8059.96	,	0.0951933
8059.97	,	0.0891476
8059.98	,	0.0781652
8059.99	,	0.0718543
8060	,	0.0831533
8060.1	,	0.0801486
8060.2	,	0.0827124
8060.3	,	0.0814619
8060.4	,	0.0793818
8060.5	,	0.0765957
8060.6	,	0.076077
8060.7	,	0.0762047
8060.8	,	0.0765571
8060.9	,	0.0727454
8061	,	0.0710846
8061.1	,	0.0691367
8061.2	,	0.0677481
8061.3	,	0.0678127
8061.4	,	0.0667419
8061.5	,	0.066107
8061.6	,	0.0651394
8061.7	,	0.0638428
8061.8	,	0.0658513
8061.9	,	0.0630045
8062	,	0.0633929
8062.1	,	0.0630536
8062.2	,	0.0612531
8062.3	,	0.0586426
8062.4	,	0.0590087
8062.5	,	0.0565112
8062.6	,	0.0573276
8062.7	,	0.0572421
8062.8	,	0.0573681
8062.9	,	0.0562341
8063	,	0.0535559
8063.1	,	0.0531296
8063.2	,	0.0516842
8063.3	,	0.0526022
8063.4	,	0.051432
8063.5	,	0.0514761
8063.6	,	0.0493963
8063.7	,	0.0489477
8063.8	,	0.0492033
8063.9	,	0.0483532
8064	,	0.0489231
8064.1	,	0.0483172
8064.2	,	0.0472982
8064.3	,	0.0471079
8064.4	,	0.0453231
8064.5	,	0.044039
8064.6	,	0.0449844
8064.7	,	0.0446313
8064.8	,	0.0436076
8064.9	,	0.0429464
8065	,	0.0427874
8065.1	,	0.0413406
8065.2	,	0.0436164
8065.3	,	0.0401263
8065.4	,	0.0399048
8065.5	,	0.0432006
8065.6	,	0.0450151
8065.7	,	0.0405466
8065.8	,	0.0380295
8065.9	,	0.0400856
8066	,	0.0403294
8066.1	,	0.0387394
8066.2	,	0.035391
8066.3	,	0.0369626
8066.4	,	0.0361277
8066.5	,	0.0352691
8066.6	,	0.0398869
8066.7	,	0.0382549
8066.8	,	0.0388436
8066.9	,	0.0371619
8067	,	0.0370506
8067.1	,	0.0381811
8067.2	,	0.0353392
8067.3	,	0.0363
8067.4	,	0.0363975
8067.5	,	0.0359852
8067.6	,	0.0365094
8067.7	,	0.032751
8067.8	,	0.0332836
8067.9	,	0.0378101
8068	,	0.0340814
8068.1	,	0.0329196
8068.2	,	0.0326705
8068.3	,	0.0326019
8068.4	,	0.032737
8068.5	,	0.0328819
8068.6	,	0.0314172
8068.7	,	0.031649
8068.8	,	0.0321776
8068.9	,	0.0324321
8069	,	0.0317231
8069.1	,	0.0310596
8069.2	,	0.0322805
8069.3	,	0.0305148
8069.4	,	0.0311597
8069.5	,	0.0315866
8069.6	,	0.0311775
8069.7	,	0.0301856
8069.8	,	0.0304292
8069.9	,	0.0321247
8070	,	0.0302848
