"8000	","	0.0163054"
"8001	","	0.0177444"
"8002	","	0.0202601"
"8003	","	0.0207657"
"8004	","	0.0229842"
"8005	","	0.0228506"
"8006	","	0.023845"
"8007	","	0.0278082"
"8008	","	0.0291273"
"8009	","	0.0299698"
"8010	","	0.032252"
"8011	","	0.0388955"
"8012	","	0.0419742"
"8013	","	0.0466144"
"8014	","	0.052207"
"8015	","	0.0576156"
"8016	","	0.0656867"
"8017	","	0.0751331"
"8018	","	0.0878665"
"8019	","	0.106131"
"8020	","	0.133478"
"8020.01	","	0.126708"
"8020.02	","	0.139787"
"8020.03	","	0.12789"
"8020.04	","	0.155306"
"8020.05	","	0.127873"
"8020.06	","	0.126863"
"8020.07	","	0.128562"
"8020.08	","	0.140031"
"8020.09	","	0.125984"
"8020.1	","	0.143417"
"8020.11	","	0.140614"
"8020.12	","	0.13658"
"8020.13	","	0.1298"
"8020.14	","	0.134801"
"8020.15	","	0.132371"
"8020.16	","	0.139218"
"8020.17	","	0.138212"
"8020.18	","	0.143862"
"8020.19	","	0.148023"
"8020.2	","	0.145776"
"8020.21	","	0.144861"
"8020.22	","	0.134575"
"8020.23	","	0.153839"
"8020.24	","	0.142942"
"8020.25	","	0.142069"
"8020.26	","	0.144538"
"8020.27	","	0.143157"
"8020.28	","	0.1504"
"8020.29	","	0.144059"
"8020.3	","	0.14606"
"8020.31	","	0.142852"
"8020.32	","	0.138686"
"8020.33	","	0.144129"
"8020.34	","	0.149584"
"8020.35	","	0.145243"
"8020.36	","	0.154447"
"8020.37	","	0.147685"
"8020.38	","	0.145344"
"8020.39	","	0.154481"
"8020.4	","	0.13794"
"8020.41	","	0.132002"
"8020.42	","	0.155469"
"8020.43	","	0.151197"
"8020.44	","	0.152898"
"8020.45	","	0.146694"
"8020.46	","	0.151006"
"8020.47	","	0.155918"
"8020.48	","	0.159797"
"8020.49	","	0.148446"
"8020.5	","	0.152406"
"8020.51	","	0.16578"
"8020.52	","	0.150356"
"8020.53	","	0.160236"
"8020.54	","	0.155668"
"8020.55	","	0.144116"
"8020.56	","	0.164982"
"8020.57	","	0.165346"
"8020.58	","	0.154877"
"8020.59	","	0.145625"
"8020.6	","	0.159384"
"8020.61	","	0.15105"
"8020.62	","	0.158963"
"8020.63	","	0.152883"
"8020.64	","	0.15591"
"8020.65	","	0.152475"
"8020.66	","	0.169829"
"8020.67	","	0.159548"
"8020.68	","	0.15414"
"8020.69	","	0.16"
"8020.7	","	0.165319"
"8020.71	","	0.173981"
"8020.72	","	0.156482"
"8020.73	","	0.158673"
"8020.74	","	0.158167"
"8020.75	","	0.159308"
"8020.76	","	0.161534"
"8020.77	","	0.17889"
"8020.78	","	0.171432"
"8020.79	","	0.163368"
"8020.8	","	0.171314"
"8020.81	","	0.170278"
"8020.82	","	0.161202"
"8020.83	","	0.176749"
"8020.84	","	0.163912"
"8020.85	","	0.168383"
"8020.86	","	0.158238"
"8020.87	","	0.179335"
"8020.88	","	0.177824"
"8020.89	","	0.174464"
"8020.9	","	0.171009"
"8020.91	","	0.175741"
"8020.92	","	0.169835"
"8020.93	","	0.179222"
"8020.94	","	0.169936"
"8020.95	","	0.174386"
"8020.96	","	0.174387"
"8020.97	","	0.172797"
"8020.98	","	0.181897"
"8020.99	","	0.180865"
"8021	","	0.182719"
"8021.01	","	0.173891"
"8021.02	","	0.167059"
"8021.03	","	0.183954"
"8021.04	","	0.192755"
"8021.05	","	0.177428"
"8021.06	","	0.181103"
"8021.07	","	0.173902"
"8021.08	","	0.170125"
"8021.09	","	0.177566"
"8021.1	","	0.181936"
"8021.11	","	0.176158"
"8021.12	","	0.187394"
"8021.13	","	0.177278"
"8021.14	","	0.188774"
"8021.15	","	0.190143"
"8021.16	","	0.182101"
"8021.17	","	0.199144"
"8021.18	","	0.189638"
"8021.19	","	0.193795"
"8021.2	","	0.181801"
"8021.21	","	0.193122"
"8021.22	","	0.173859"
"8021.23	","	0.187839"
"8021.24	","	0.194326"
"8021.25	","	0.198917"
"8021.26	","	0.186868"
"8021.27	","	0.200881"
"8021.28	","	0.193664"
"8021.29	","	0.188563"
"8021.3	","	0.191944"
"8021.31	","	0.200691"
"8021.32	","	0.186083"
"8021.33	","	0.192997"
"8021.34	","	0.202094"
"8021.35	","	0.197027"
"8021.36	","	0.194359"
"8021.37	","	0.187985"
"8021.38	","	0.201303"
"8021.39	","	0.196196"
"8021.4	","	0.201062"
"8021.41	","	0.199397"
"8021.42	","	0.195936"
"8021.43	","	0.192948"
"8021.44	","	0.19765"
"8021.45	","	0.209702"
"8021.46	","	0.214859"
"8021.47	","	0.199339"
"8021.48	","	0.205108"
"8021.49	","	0.203044"
"8021.5	","	0.196153"
"8021.51	","	0.202791"
"8021.52	","	0.208975"
"8021.53	","	0.202075"
"8021.54	","	0.209253"
"8021.55	","	0.202907"
"8021.56	","	0.207577"
"8021.57	","	0.229591"
"8021.58	","	0.216249"
"8021.59	","	0.21173"
"8021.6	","	0.221615"
"8021.61	","	0.219694"
"8021.62	","	0.210415"
"8021.63	","	0.213146"
"8021.64	","	0.213592"
"8021.65	","	0.212098"
"8021.66	","	0.223112"
"8021.67	","	0.212286"
"8021.68	","	0.222207"
"8021.69	","	0.226233"
"8021.7	","	0.212102"
"8021.71	","	0.226469"
"8021.72	","	0.228363"
"8021.73	","	0.21923"
"8021.74	","	0.2243"
"8021.75	","	0.231798"
"8021.76	","	0.23383"
"8021.77	","	0.235446"
"8021.78	","	0.224388"
"8021.79	","	0.22432"
"8021.8	","	0.228669"
"8021.81	","	0.223823"
"8021.82	","	0.229698"
"8021.83	","	0.22325"
"8021.84	","	0.231195"
"8021.85	","	0.226263"
"8021.86	","	0.245474"
"8021.87	","	0.241026"
"8021.88	","	0.241722"
"8021.89	","	0.245452"
"8021.9	","	0.24146"
"8021.91	","	0.240117"
"8021.92	","	0.239582"
"8021.93	","	0.23642"
"8021.94	","	0.244455"
"8021.95	","	0.241581"
"8021.96	","	0.244012"
"8021.97	","	0.241722"
"8021.98	","	0.24148"
"8021.99	","	0.257975"
"8022	","	0.236411"
"8022.01	","	0.236569"
"8022.02	","	0.243126"
"8022.03	","	0.235359"
"8022.04	","	0.256291"
"8022.05	","	0.246631"
"8022.06	","	0.258749"
"8022.07	","	0.25455"
"8022.08	","	0.247509"
"8022.09	","	0.234677"
"8022.1	","	0.256212"
"8022.11	","	0.252069"
"8022.12	","	0.244013"
"8022.13	","	0.259119"
"8022.14	","	0.259194"
"8022.15	","	0.264873"
"8022.16	","	0.269016"
"8022.17	","	0.251629"
"8022.18	","	0.259174"
"8022.19	","	0.249163"
"8022.2	","	0.276614"
"8022.21	","	0.264512"
"8022.22	","	0.262558"
"8022.23	","	0.264018"
"8022.24	","	0.265824"
"8022.25	","	0.281863"
"8022.26	","	0.265731"
"8022.27	","	0.271532"
"8022.28	","	0.263944"
"8022.29	","	0.277217"
"8022.3	","	0.259827"
"8022.31	","	0.282431"
"8022.32	","	0.283383"
"8022.33	","	0.277916"
"8022.34	","	0.268215"
"8022.35	","	0.274683"
"8022.36	","	0.280433"
"8022.37	","	0.278644"
"8022.38	","	0.279527"
"8022.39	","	0.280607"
"8022.4	","	0.285823"
"8022.41	","	0.283563"
"8022.42	","	0.285464"
"8022.43	","	0.286427"
"8022.44	","	0.277672"
"8022.45	","	0.288744"
"8022.46	","	0.28353"
"8022.47	","	0.288819"
"8022.48	","	0.291999"
"8022.49	","	0.278291"
"8022.5	","	0.294359"
"8022.51	","	0.306082"
"8022.52	","	0.299809"
"8022.53	","	0.289127"
"8022.54	","	0.30456"
"8022.55	","	0.286184"
"8022.56	","	0.303749"
"8022.57	","	0.305368"
"8022.58	","	0.30577"
"8022.59	","	0.313858"
"8022.6	","	0.302915"
"8022.61	","	0.310905"
"8022.62	","	0.308655"
"8022.63	","	0.309889"
"8022.64	","	0.317136"
"8022.65	","	0.304212"
"8022.66	","	0.312173"
"8022.67	","	0.314373"
"8022.68	","	0.304552"
"8022.69	","	0.325472"
"8022.7	","	0.314912"
"8022.71	","	0.312332"
"8022.72	","	0.325367"
"8022.73	","	0.32914"
"8022.74	","	0.318598"
"8022.75	","	0.332903"
"8022.76	","	0.330482"
"8022.77	","	0.329797"
"8022.78	","	0.316036"
"8022.79	","	0.34564"
"8022.8	","	0.339371"
"8022.81	","	0.324363"
"8022.82	","	0.328789"
"8022.83	","	0.337032"
"8022.84	","	0.342756"
"8022.85	","	0.336834"
"8022.86	","	0.341994"
"8022.87	","	0.340361"
"8022.88	","	0.331651"
"8022.89	","	0.341155"
"8022.9	","	0.335033"
"8022.91	","	0.339776"
"8022.92	","	0.337929"
"8022.93	","	0.355579"
"8022.94	","	0.348427"
"8022.95	","	0.350103"
"8022.96	","	0.332793"
"8022.97	","	0.363974"
"8022.98	","	0.373547"
"8022.99	","	0.362999"
"8023	","	0.350649"
"8023.01	","	0.371641"
"8023.02	","	0.37428"
"8023.03	","	0.361025"
"8023.04	","	0.365015"
"8023.05	","	0.362771"
"8023.06	","	0.368979"
"8023.07	","	0.367255"
"8023.08	","	0.355861"
"8023.09	","	0.375027"
"8023.1	","	0.368073"
"8023.11	","	0.36916"
"8023.12	","	0.359611"
"8023.13	","	0.358525"
"8023.14	","	0.381049"
"8023.15	","	0.363328"
"8023.16	","	0.380512"
"8023.17	","	0.38452"
"8023.18	","	0.397126"
"8023.19	","	0.404409"
"8023.2	","	0.384349"
"8023.21	","	0.39625"
"8023.22	","	0.396353"
"8023.23	","	0.40861"
"8023.24	","	0.407493"
"8023.25	","	0.397909"
"8023.26	","	0.393149"
"8023.27	","	0.412503"
"8023.28	","	0.407213"
"8023.29	","	0.413747"
"8023.3	","	0.406275"
"8023.31	","	0.399773"
"8023.32	","	0.414028"
"8023.33	","	0.406723"
"8023.34	","	0.412173"
"8023.35	","	0.427975"
"8023.36	","	0.411516"
"8023.37	","	0.420113"
"8023.38	","	0.421398"
"8023.39	","	0.41762"
"8023.4	","	0.410113"
"8023.41	","	0.400733"
"8023.42	","	0.412345"
"8023.43	","	0.429687"
"8023.44	","	0.42097"
"8023.45	","	0.441941"
"8023.46	","	0.430139"
"8023.47	","	0.429561"
"8023.48	","	0.441697"
"8023.49	","	0.439216"
"8023.5	","	0.448434"
"8023.51	","	0.468077"
"8023.52	","	0.44601"
"8023.53	","	0.443127"
"8023.54	","	0.44622"
"8023.55	","	0.449342"
"8023.56	","	0.448728"
"8023.57	","	0.450173"
"8023.58	","	0.457728"
"8023.59	","	0.462805"
"8023.6	","	0.462999"
"8023.61	","	0.453184"
"8023.62	","	0.486302"
"8023.63	","	0.485188"
"8023.64	","	0.459435"
"8023.65	","	0.469062"
"8023.66	","	0.489619"
"8023.67	","	0.480789"
"8023.68	","	0.471489"
"8023.69	","	0.496963"
"8023.7	","	0.476283"
"8023.71	","	0.475632"
"8023.72	","	0.486994"
"8023.73	","	0.490499"
"8023.74	","	0.497779"
"8023.75	","	0.500563"
"8023.76	","	0.49015"
"8023.77	","	0.500331"
"8023.78	","	0.506451"
"8023.79	","	0.514028"
"8023.8	","	0.495215"
"8023.81	","	0.508434"
"8023.82	","	0.496289"
"8023.83	","	0.537077"
"8023.84	","	0.504904"
"8023.85	","	0.523218"
"8023.86	","	0.541865"
"8023.87	","	0.519792"
"8023.88	","	0.522911"
"8023.89	","	0.520557"
"8023.9	","	0.550112"
"8023.91	","	0.532138"
"8023.92	","	0.541664"
"8023.93	","	0.533605"
"8023.94	","	0.556109"
"8023.95	","	0.535337"
"8023.96	","	0.537835"
"8023.97	","	0.547777"
"8023.98	","	0.539872"
"8023.99	","	0.557731"
"8024	","	0.553731"
"8024.01	","	0.571631"
"8024.02	","	0.549802"
"8024.03	","	0.566458"
"8024.04	","	0.558958"
"8024.05	","	0.573927"
"8024.06	","	0.564164"
"8024.07	","	0.575809"
"8024.08	","	0.563336"
"8024.09	","	0.580299"
"8024.1	","	0.57599"
"8024.11	","	0.576723"
"8024.12	","	0.571478"
"8024.13	","	0.598252"
"8024.14	","	0.587643"
"8024.15	","	0.588037"
"8024.16	","	0.604876"
"8024.17	","	0.60275"
"8024.18	","	0.584675"
"8024.19	","	0.621902"
"8024.2	","	0.602314"
"8024.21	","	0.609691"
"8024.22	","	0.630739"
"8024.23	","	0.610153"
"8024.24	","	0.635927"
"8024.25	","	0.616105"
"8024.26	","	0.642674"
"8024.27	","	0.627618"
"8024.28	","	0.655502"
"8024.29	","	0.629821"
"8024.3	","	0.634702"
"8024.31	","	0.638466"
"8024.32	","	0.653471"
"8024.33	","	0.643518"
"8024.34	","	0.655377"
"8024.35	","	0.657476"
"8024.36	","	0.68098"
"8024.37	","	0.670113"
"8024.38	","	0.668156"
"8024.39	","	0.681574"
"8024.4	","	0.674104"
"8024.41	","	0.711782"
"8024.42	","	0.672336"
"8024.43	","	0.685681"
"8024.44	","	0.683311"
"8024.45	","	0.689818"
"8024.46	","	0.682906"
"8024.47	","	0.708735"
"8024.48	","	0.713571"
"8024.49	","	0.697169"
"8024.5	","	0.695321"
"8024.51	","	0.723994"
"8024.52	","	0.73599"
"8024.53	","	0.725361"
"8024.54	","	0.723309"
"8024.55	","	0.734164"
"8024.56	","	0.728879"
"8024.57	","	0.728055"
"8024.58	","	0.748361"
"8024.59	","	0.725138"
"8024.6	","	0.736242"
"8024.61	","	0.751514"
"8024.62	","	0.746559"
"8024.63	","	0.760182"
"8024.64	","	0.767143"
"8024.65	","	0.78395"
"8024.66	","	0.764343"
"8024.67	","	0.774927"
"8024.68	","	0.773642"
"8024.69	","	0.793985"
"8024.7	","	0.796153"
"8024.71	","	0.804797"
"8024.72	","	0.815291"
"8024.73	","	0.804942"
"8024.74	","	0.816311"
"8024.75	","	0.826589"
"8024.76	","	0.814831"
"8024.77	","	0.832984"
"8024.78	","	0.817397"
"8024.79	","	0.829381"
"8024.8	","	0.848994"
"8024.81	","	0.838455"
"8024.82	","	0.85583"
"8024.83	","	0.859478"
"8024.84	","	0.822257"
"8024.85	","	0.863777"
"8024.86	","	0.847226"
"8024.87	","	0.84272"
"8024.88	","	0.863658"
"8024.89	","	0.872815"
"8024.9	","	0.888005"
"8024.91	","	0.888244"
"8024.92	","	0.886395"
"8024.93	","	0.882428"
"8024.94	","	0.896628"
"8024.95	","	0.90528"
"8024.96	","	0.919854"
"8024.97	","	0.917013"
"8024.98	","	0.932446"
"8024.99	","	0.8954"
"8025	","	0.936144"
"8025.01	","	0.937954"
"8025.02	","	0.946643"
"8025.03	","	0.931136"
"8025.04	","	0.942435"
"8025.05	","	0.954298"
"8025.06	","	0.940787"
"8025.07	","	0.952517"
"8025.08	","	0.96158"
"8025.09	","	0.961519"
"8025.1	","	0.968021"
"8025.11	","	0.979136"
"8025.12	","	1.00629"
"8025.13	","	0.985186"
"8025.14	","	1.01134"
"8025.15	","	1.00321"
"8025.16	","	1.00772"
"8025.17	","	1.01314"
"8025.18	","	1.01758"
"8025.19	","	1.02175"
"8025.2	","	1.02605"
"8025.21	","	1.00691"
"8025.22	","	1.03606"
"8025.23	","	1.03625"
"8025.24	","	1.07108"
"8025.25	","	1.05806"
"8025.26	","	1.07314"
"8025.27	","	1.0638"
"8025.28	","	1.08864"
"8025.29	","	1.0772"
"8025.3	","	1.09002"
"8025.31	","	1.10099"
"8025.32	","	1.08627"
"8025.33	","	1.10151"
"8025.34	","	1.12205"
"8025.35	","	1.1145"
"8025.36	","	1.14151"
"8025.37	","	1.14307"
"8025.38	","	1.14077"
"8025.39	","	1.14298"
"8025.4	","	1.15341"
"8025.41	","	1.13705"
"8025.42	","	1.14856"
"8025.43	","	1.15388"
"8025.44	","	1.19683"
"8025.45	","	1.192"
"8025.46	","	1.19489"
"8025.47	","	1.1873"
"8025.48	","	1.19181"
"8025.49	","	1.22922"
"8025.5	","	1.21509"
"8025.51	","	1.23488"
"8025.52	","	1.21665"
"8025.53	","	1.23151"
"8025.54	","	1.25689"
"8025.55	","	1.24985"
"8025.56	","	1.2759"
"8025.57	","	1.27967"
"8025.58	","	1.28567"
"8025.59	","	1.27197"
"8025.6	","	1.30202"
"8025.61	","	1.31204"
"8025.62	","	1.29869"
"8025.63	","	1.30558"
"8025.64	","	1.32518"
"8025.65	","	1.32671"
"8025.66	","	1.31942"
"8025.67	","	1.34977"
"8025.68	","	1.36412"
"8025.69	","	1.38537"
"8025.7	","	1.33642"
"8025.71	","	1.35025"
"8025.72	","	1.39358"
"8025.73	","	1.3775"
"8025.74	","	1.37883"
"8025.75	","	1.40028"
"8025.76	","	1.38562"
"8025.77	","	1.42187"
"8025.78	","	1.39655"
"8025.79	","	1.43652"
"8025.8	","	1.42225"
"8025.81	","	1.43859"
"8025.82	","	1.4381"
"8025.83	","	1.49697"
"8025.84	","	1.46772"
"8025.85	","	1.46027"
"8025.86	","	1.46324"
"8025.87	","	1.51415"
"8025.88	","	1.50675"
"8025.89	","	1.50192"
"8025.9	","	1.53418"
"8025.91	","	1.49224"
"8025.92	","	1.54595"
"8025.93	","	1.55304"
"8025.94	","	1.57386"
"8025.95	","	1.56449"
"8025.96	","	1.58541"
"8025.97	","	1.56275"
"8025.98	","	1.57481"
"8025.99	","	1.60618"
"8026	","	1.61154"
"8026.01	","	1.58282"
"8026.02	","	1.60021"
"8026.03	","	1.59966"
"8026.04	","	1.60258"
"8026.05	","	1.62071"
"8026.06	","	1.66606"
"8026.07	","	1.66584"
"8026.08	","	1.64155"
"8026.09	","	1.66746"
"8026.1	","	1.6782"
"8026.11	","	1.67568"
"8026.12	","	1.69182"
"8026.13	","	1.70663"
"8026.14	","	1.69524"
"8026.15	","	1.73701"
"8026.16	","	1.71932"
"8026.17	","	1.73666"
"8026.18	","	1.75888"
"8026.19	","	1.75568"
"8026.2	","	1.76544"
"8026.21	","	1.79335"
"8026.22	","	1.82117"
"8026.23	","	1.76653"
"8026.24	","	1.79534"
"8026.25	","	1.82314"
"8026.26	","	1.82274"
"8026.27	","	1.82078"
"8026.28	","	1.83106"
"8026.29	","	1.82307"
"8026.3	","	1.85558"
"8026.31	","	1.84249"
"8026.32	","	1.90221"
"8026.33	","	1.87123"
"8026.34	","	1.91539"
"8026.35	","	1.89121"
"8026.36	","	1.88682"
"8026.37	","	1.93195"
"8026.38	","	1.97231"
"8026.39	","	1.92235"
"8026.4	","	1.96268"
"8026.41	","	1.95703"
"8026.42	","	1.96558"
"8026.43	","	1.96905"
"8026.44	","	1.98487"
"8026.45	","	1.96883"
"8026.46	","	2.0076"
"8026.47	","	1.99709"
"8026.48	","	2.01275"
"8026.49	","	1.99401"
"8026.5	","	2.05877"
"8026.51	","	2.04001"
"8026.52	","	2.0684"
"8026.53	","	2.0473"
"8026.54	","	2.09173"
"8026.55	","	2.0667"
"8026.56	","	2.1001"
"8026.57	","	2.11486"
"8026.58	","	2.12435"
"8026.59	","	2.11422"
"8026.6	","	2.15695"
"8026.61	","	2.15018"
"8026.62	","	2.12174"
"8026.63	","	2.12318"
"8026.64	","	2.17945"
"8026.65	","	2.16949"
"8026.66	","	2.16872"
"8026.67	","	2.19805"
"8026.68	","	2.22063"
"8026.69	","	2.2119"
"8026.7	","	2.23085"
"8026.71	","	2.20547"
"8026.72	","	2.25835"
"8026.73	","	2.28726"
"8026.74	","	2.22995"
"8026.75	","	2.26259"
"8026.76	","	2.30471"
"8026.77	","	2.26544"
"8026.78	","	2.26493"
"8026.79	","	2.2937"
"8026.8	","	2.28163"
"8026.81	","	2.32275"
"8026.82	","	2.33929"
"8026.83	","	2.32504"
"8026.84	","	2.37136"
"8026.85	","	2.31709"
"8026.86	","	2.37024"
"8026.87	","	2.40828"
"8026.88	","	2.36664"
"8026.89	","	2.40893"
"8026.9	","	2.37989"
"8026.91	","	2.41003"
"8026.92	","	2.42162"
"8026.93	","	2.44981"
"8026.94	","	2.4121"
"8026.95	","	2.45939"
"8026.96	","	2.45713"
"8026.97	","	2.4778"
"8026.98	","	2.46026"
"8026.99	","	2.5267"
"8027	","	2.46023"
"8027.01	","	2.48326"
"8027.02	","	2.51983"
"8027.03	","	2.54503"
"8027.04	","	2.54002"
"8027.05	","	2.56197"
"8027.06	","	2.58326"
"8027.07	","	2.54312"
"8027.08	","	2.61772"
"8027.09	","	2.60046"
"8027.1	","	2.60545"
"8027.11	","	2.6062"
"8027.12	","	2.64165"
"8027.13	","	2.65548"
"8027.14	","	2.6489"
"8027.15	","	2.68935"
"8027.16	","	2.64336"
"8027.17	","	2.64256"
"8027.18	","	2.69755"
"8027.19	","	2.70831"
"8027.2	","	2.6897"
"8027.21	","	2.71712"
"8027.22	","	2.70062"
"8027.23	","	2.74865"
"8027.24	","	2.71958"
"8027.25	","	2.72478"
"8027.26	","	2.78068"
"8027.27	","	2.76357"
"8027.28	","	2.73029"
"8027.29	","	2.77065"
"8027.3	","	2.78473"
"8027.31	","	2.78627"
"8027.32	","	2.78554"
"8027.33	","	2.8081"
"8027.34	","	2.8006"
"8027.35	","	2.80333"
"8027.36	","	2.87069"
"8027.37	","	2.85953"
"8027.38	","	2.88026"
"8027.39	","	2.86197"
"8027.4	","	2.90241"
"8027.41	","	2.90582"
"8027.42	","	2.87381"
"8027.43	","	2.90882"
"8027.44	","	2.91198"
"8027.45	","	2.9345"
"8027.46	","	2.90456"
"8027.47	","	2.96023"
"8027.48	","	2.94445"
"8027.49	","	2.92864"
"8027.5	","	2.95209"
"8027.51	","	2.98261"
"8027.52	","	2.93764"
"8027.53	","	2.96834"
"8027.54	","	3.00721"
"8027.55	","	2.97103"
"8027.56	","	2.99374"
"8027.57	","	3.02954"
"8027.58	","	3.02227"
"8027.59	","	2.97955"
"8027.6	","	3.04103"
"8027.61	","	3.06455"
"8027.62	","	3.03875"
"8027.63	","	2.99669"
"8027.64	","	3.02392"
"8027.65	","	3.07108"
"8027.66	","	3.06602"
"8027.67	","	3.03207"
"8027.68	","	3.0574"
"8027.69	","	3.02847"
"8027.7	","	3.08278"
"8027.71	","	3.02843"
"8027.72	","	3.08972"
"8027.73	","	3.15096"
"8027.74	","	3.09769"
"8027.75	","	3.09889"
"8027.76	","	3.10165"
"8027.77	","	3.09937"
"8027.78	","	3.07141"
"8027.79	","	3.08962"
"8027.8	","	3.09054"
"8027.81	","	3.09574"
"8027.82	","	3.07892"
"8027.83	","	3.10039"
"8027.84	","	3.10153"
"8027.85	","	3.08452"
"8027.86	","	3.15342"
"8027.87	","	3.09967"
"8027.88	","	3.09095"
"8027.89	","	3.11958"
"8027.9	","	3.13338"
"8027.91	","	3.1058"
"8027.92	","	3.13887"
"8027.93	","	3.1273"
"8027.94	","	3.1146"
"8027.95	","	3.13764"
"8027.96	","	3.15417"
"8027.97	","	3.12656"
"8027.98	","	3.14019"
"8027.99	","	3.11329"
"8028	","	3.07115"
"8028.01	","	3.12024"
"8028.02	","	3.129"
"8028.03	","	3.11653"
"8028.04	","	3.0591"
"8028.05	","	3.08365"
"8028.06	","	3.07463"
"8028.07	","	3.11944"
"8028.08	","	3.10824"
"8028.09	","	3.0388"
"8028.1	","	3.08437"
"8028.11	","	3.07969"
"8028.12	","	3.06954"
"8028.13	","	3.01866"
"8028.14	","	3.06769"
"8028.15	","	3.04598"
"8028.16	","	3.11291"
"8028.17	","	3.0479"
"8028.18	","	3.03791"
"8028.19	","	3.02884"
"8028.2	","	3.0111"
"8028.21	","	3.01898"
"8028.22	",1
"8028.23	",1
"8028.24	",1
"8028.25	",1
"8028.26	",1
"8028.27	",1
"8028.28	",1
"8028.29	",1
"8028.3	",1
"8028.31	",1
"8028.32	",1
"8028.33	",1
"8028.34	",1
"8028.35	",1
"8028.36	",1
"8028.37	",1
"8028.38	",1
"8028.39	",1
"8028.4	",1
"8028.41	",1
"8028.42	",1
"8028.43	",1
"8028.44	",1
"8028.45	",1
"8028.46	",1
"8028.47	",1
"8028.48	",1
"8028.49	",1
"8028.5	",1
"8028.51	",1
"8028.52	",1
"8028.53	",1
"8028.54	",1
"8028.55	",1
"8028.56	",1
"8028.57	",1
"8028.58	",1
"8028.59	",1
"8028.6	",1
"8028.61	",1
"8028.62	",1
"8028.63	",1
"8028.64	",1
"8028.65	",1
"8028.66	",1
"8028.67	",1
"8028.68	",1
"8028.69	",1
"8028.7	",1
"8028.71	",1
"8028.72	",1
"8028.73	",1
"8028.74	",1
"8028.75	",1
"8028.76	",1
"8028.77	",1
"8028.78	",1
"8028.79	",1
"8028.8	",1
"8028.81	",1
"8028.82	",1
"8028.83	",1
"8028.84	",1
"8028.85	",1
"8028.86	",1
"8028.87	",1
"8028.88	",1
"8028.89	",1
"8028.9	",1
"8028.91	",1
"8028.92	",1
"8028.93	",1
"8028.94	",1
"8028.95	",1
"8028.96	",1
"8028.97	",1
"8028.98	",1
"8028.99	",1
"8029	",1
"8029.01	",1
"8029.02	",1
"8029.03	",1
"8029.04	",1
"8029.05	",1
"8029.06	",1
"8029.07	",1
"8029.08	",1
"8029.09	",1
"8029.1	",1
"8029.11	",1
"8029.12	",1
"8029.13	",1
"8029.14	",1
"8029.15	",1
"8029.16	",1
"8029.17	",1
"8029.18	",1
"8029.19	",1
"8029.2	",1
"8029.21	",1
"8029.22	",1
"8029.23	",1
"8029.24	",1
"8029.25	",1
"8029.26	",1
"8029.27	",1
"8029.28	",1
"8029.29	",1
"8029.3	",1
"8029.31	",1
"8029.32	",1
"8029.33	",1
"8029.34	",1
"8029.35	",1
"8029.36	",1
"8029.37	",1
"8029.38	",1
"8029.39	",1
"8029.4	",1
"8029.41	",1
"8029.42	",1
"8029.43	",1
"8029.44	",1
"8029.45	",1
"8029.46	",1
"8029.47	",1
"8029.48	",1
"8029.49	",1
"8029.5	",1
"8029.51	",1
"8029.52	",1
"8029.53	",1
"8029.54	",1
"8029.55	",1
"8029.56	",1
"8029.57	",1
"8029.58	",1
"8029.59	",1
"8029.6	",1
"8029.61	",1
"8029.62	",1
"8029.63	",1
"8029.64	",1
"8029.65	",1
"8029.66	",1
"8029.67	",1
"8029.68	",1
"8029.69	",1
"8029.7	",1
"8029.71	",1
"8029.72	",1
"8029.73	",1
"8029.74	",1
"8029.75	",1
"8029.76	",1
"8029.77	",1
"8029.78	",1
"8029.79	",1
"8029.8	",1
"8029.81	",1
"8029.82	",1
"8029.83	",1
"8029.84	",1
"8029.85	",1
"8029.86	",1
"8029.87	",1
"8029.88	",1
"8029.89	",1
"8029.9	",1
"8029.91	",1
"8029.92	",1
"8029.93	",1
"8029.94	",1
"8029.95	",1
"8029.96	",1
"8029.97	",1
"8029.98	",1
"8029.99	",1
"8030	",1
"8030.01	",1
"8030.02	",1
"8030.03	",1
"8030.04	",1
"8030.05	",1
"8030.06	",1
"8030.07	",1
"8030.08	",1
"8030.09	",1
"8030.1	",1
"8030.11	",1
"8030.12	",1
"8030.13	",1
"8030.14	",1
"8030.15	",1
"8030.16	",1
"8030.17	",1
"8030.18	",1
"8030.19	",1
"8030.2	",1
"8030.21	",1
"8030.22	",1
"8030.23	",1
"8030.24	",1
"8030.25	",1
"8030.26	",1
"8030.27	",1
"8030.28	",1
"8030.29	",1
"8030.3	",1
"8030.31	",1
"8030.32	",1
"8030.33	",1
"8030.34	",1
"8030.35	",1
"8030.36	",1
"8030.37	",1
"8030.38	",1
"8030.39	",1
"8030.4	",1
"8030.41	",1
"8030.42	",1
"8030.43	",1
"8030.44	",1
"8030.45	",1
"8030.46	",1
"8030.47	",1
"8030.48	",1
"8030.49	",1
"8030.5	",1
"8030.51	",1
"8030.52	",1
"8030.53	",1
"8030.54	",1
"8030.55	",1
"8030.56	",1
"8030.57	",1
"8030.58	",1
"8030.59	",1
"8030.6	",1
"8030.61	",1
"8030.62	",1
"8030.63	",1
"8030.64	",1
"8030.65	",1
"8030.66	",1
"8030.67	",1
"8030.68	",1
"8030.69	",1
"8030.7	",1
"8030.71	",1
"8030.72	",1
"8030.73	",1
"8030.74	",1
"8030.75	",1
"8030.76	",1
"8030.77	",1
"8030.78	",1
"8030.79	",1
"8030.8	",1
"8030.81	",1
"8030.82	",1
"8030.83	",1
"8030.84	",1
"8030.85	",1
"8030.86	",1
"8030.87	",1
"8030.88	",1
"8030.89	",1
"8030.9	",1
"8030.91	",1
"8030.92	",1
"8030.93	",1
"8030.94	",1
"8030.95	",1
"8030.96	",1
"8030.97	",1
"8030.98	",1
"8030.99	",1
"8031	",1
"8031.01	",1
"8031.02	",1
"8031.03	",1
"8031.04	",1
"8031.05	",1
"8031.06	",1
"8031.07	",1
"8031.08	",1
"8031.09	",1
"8031.1	",1
"8031.11	",1
"8031.12	",1
"8031.13	",1
"8031.14	",1
"8031.15	",1
"8031.16	",1
"8031.17	",1
"8031.18	",1
"8031.19	",1
"8031.2	",1
"8031.21	",1
"8031.22	",1
"8031.23	",1
"8031.24	",1
"8031.25	",1
"8031.26	",1
"8031.27	",1
"8031.28	",1
"8031.29	",1
"8031.3	",1
"8031.31	",1
"8031.32	",1
"8031.33	",1
"8031.34	",1
"8031.35	",1
"8031.36	",1
"8031.37	",1
"8031.38	",1
"8031.39	",1
"8031.4	",1
"8031.41	",1
"8031.42	",1
"8031.43	",1
"8031.44	",1
"8031.45	",1
"8031.46	",1
"8031.47	",1
"8031.48	",1
"8031.49	",1
"8031.5	",1
"8031.51	",1
"8031.52	",1
"8031.53	",1
"8031.54	",1
"8031.55	",1
"8031.56	",1
"8031.57	",1
"8031.58	",1
"8031.59	",1
"8031.6	",1
"8031.61	",1
"8031.62	",1
"8031.63	",1
"8031.64	",1
"8031.65	",1
"8031.66	",1
"8031.67	",1
"8031.68	",1
"8031.69	",1
"8031.7	",1
"8031.71	",1
"8031.72	",1
"8031.73	",1
"8031.74	",1
"8031.75	",1
"8031.76	",1
"8031.77	",1
"8031.78	",1
"8031.79	",1
"8031.8	",1
"8031.81	",1
"8031.82	",1
"8031.83	",1
"8031.84	",1
"8031.85	",1
"8031.86	",1
"8031.87	",1
"8031.88	",1
"8031.89	",1
"8031.9	",1
"8031.91	",1
"8031.92	",1
"8031.93	",1
"8031.94	",1
"8031.95	",1
"8031.96	",1
"8031.97	",1
"8031.98	",1
"8031.99	",1
"8032	",1
"8032.01	",1
"8032.02	",1
"8032.03	",1
"8032.04	",1
"8032.05	",1
"8032.06	",1
"8032.07	",1
"8032.08	",1
"8032.09	",1
"8032.1	",1
"8032.11	",1
"8032.12	",1
"8032.13	",1
"8032.14	",1
"8032.15	",1
"8032.16	",1
"8032.17	",1
"8032.18	",1
"8032.19	",1
"8032.2	",1
"8032.21	",1
"8032.22	",1
"8032.23	",1
"8032.24	",1
"8032.25	",1
"8032.26	",1
"8032.27	",1
"8032.28	",1
"8032.29	",1
"8032.3	",1
"8032.31	",1
"8032.32	",1
"8032.33	",1
"8032.34	",1
"8032.35	",1
"8032.36	",1
"8032.37	",1
"8032.38	",1
"8032.39	",1
"8032.4	",1
"8032.41	",1
"8032.42	",1
"8032.43	",1
"8032.44	",1
"8032.45	",1
"8032.46	",1
"8032.47	",1
"8032.48	",1
"8032.49	",1
"8032.5	",1
"8032.51	",1
"8032.52	",1
"8032.53	",1
"8032.54	",1
"8032.55	",1
"8032.56	",1
"8032.57	",1
"8032.58	",1
"8032.59	",1
"8032.6	",1
"8032.61	",1
"8032.62	",1
"8032.63	",1
"8032.64	",1
"8032.65	",1
"8032.66	",1
"8032.67	",1
"8032.68	",1
"8032.69	",1
"8032.7	",1
"8032.71	",1
"8032.72	",1
"8032.73	",1
"8032.74	",1
"8032.75	",1
"8032.76	",1
"8032.77	",1
"8032.78	",1
"8032.79	",1
"8032.8	",1
"8032.81	",1
"8032.82	",1
"8032.83	",1
"8032.84	",1
"8032.85	",1
"8032.86	",1
"8032.87	",1
"8032.88	",1
"8032.89	",1
"8032.9	",1
"8032.91	",1
"8032.92	",1
"8032.93	",1
"8032.94	",1
"8032.95	",1
"8032.96	",1
"8032.97	",1
"8032.98	",1
"8032.99	",1
"8033	",1
"8033.01	",1
"8033.02	",1
"8033.03	",1
"8033.04	",1
"8033.05	",1
"8033.06	",1
"8033.07	",1
"8033.08	",1
"8033.09	",1
"8033.1	",1
"8033.11	",1
"8033.12	",1
"8033.13	",1
"8033.14	",1
"8033.15	",1
"8033.16	",1
"8033.17	",1
"8033.18	",1
"8033.19	",1
"8033.2	",1
"8033.21	",1
"8033.22	",1
"8033.23	",1
"8033.24	",1
"8033.25	",1
"8033.26	",1
"8033.27	",1
"8033.28	",1
"8033.29	",1
"8033.3	",1
"8033.31	",1
"8033.32	",1
"8033.33	",1
"8033.34	",1
"8033.35	",1
"8033.36	",1
"8033.37	",1
"8033.38	",1
"8033.39	",1
"8033.4	",1
"8033.41	",1
"8033.42	",1
"8033.43	",1
"8033.44	",1
"8033.45	",1
"8033.46	",1
"8033.47	",1
"8033.48	",1
"8033.49	",1
"8033.5	",1
"8033.51	",1
"8033.52	",1
"8033.53	",1
"8033.54	",1
"8033.55	",1
"8033.56	",1
"8033.57	",1
"8033.58	",1
"8033.59	",1
"8033.6	",1
"8033.61	",1
"8033.62	",1
"8033.63	",1
"8033.64	",1
"8033.65	",1
"8033.66	",1
"8033.67	",1
"8033.68	",1
"8033.69	",1
"8033.7	",1
"8033.71	",1
"8033.72	",1
"8033.73	",1
"8033.74	",1
"8033.75	",1
"8033.76	",1
"8033.77	",1
"8033.78	",1
"8033.79	",1
"8033.8	",1
"8033.81	",1
"8033.82	",1
"8033.83	",1
"8033.84	",1
"8033.85	",1
"8033.86	",1
"8033.87	",1
"8033.88	",1
"8033.89	",1
"8033.9	",1
"8033.91	",1
"8033.92	",1
"8033.93	",1
"8033.94	",1
"8033.95	",1
"8033.96	",1
"8033.97	",1
"8033.98	",1
"8033.99	",1
"8034	",1
"8034.01	",1
"8034.02	",1
"8034.03	",1
"8034.04	",1
"8034.05	",1
"8034.06	",1
"8034.07	",1
"8034.08	",1
"8034.09	",1
"8034.1	",1
"8034.11	",1
"8034.12	",1
"8034.13	",1
"8034.14	",1
"8034.15	",1
"8034.16	",1
"8034.17	",1
"8034.18	",1
"8034.19	",1
"8034.2	",1
"8034.21	",1
"8034.22	",1
"8034.23	",1
"8034.24	",1
"8034.25	",1
"8034.26	",1
"8034.27	",1
"8034.28	",1
"8034.29	",1
"8034.3	",1
"8034.31	",1
"8034.32	",1
"8034.33	",1
"8034.34	",1
"8034.35	",1
"8034.36	",1
"8034.37	",1
"8034.38	",1
"8034.39	",1
"8034.4	",1
"8034.41	",1
"8034.42	",1
"8034.43	",1
"8034.44	",1
"8034.45	",1
"8034.46	",1
"8034.47	",1
"8034.48	",1
"8034.49	",1
"8034.5	",1
"8034.51	",1
"8034.52	",1
"8034.53	",1
"8034.54	",1
"8034.55	",1
"8034.56	",1
"8034.57	",1
"8034.58	",1
"8034.59	",1
"8034.6	",1
"8034.61	",1
"8034.62	",1
"8034.63	",1
"8034.64	",1
"8034.65	",1
"8034.66	",1
"8034.67	",1
"8034.68	",1
"8034.69	",1
"8034.7	",1
"8034.71	",1
"8034.72	",1
"8034.73	",1
"8034.74	",1
"8034.75	",1
"8034.76	",1
"8034.77	",1
"8034.78	",1
"8034.79	",1
"8034.8	",1
"8034.81	",1
"8034.82	",1
"8034.83	",1
"8034.84	",1
"8034.85	",1
"8034.86	",1
"8034.87	",1
"8034.88	",1
"8034.89	",1
"8034.9	",1
"8034.91	",1
"8034.92	",1
"8034.93	",1
"8034.94	",1
"8034.95	",1
"8034.96	",1
"8034.97	",1
"8034.98	",1
"8034.99	",1
"8035	",1
"8035.01	",1
"8035.02	",1
"8035.03	",1
"8035.04	",1
"8035.05	",1
"8035.06	",1
"8035.07	",1
"8035.08	",1
"8035.09	",1
"8035.1	",1
"8035.11	",1
"8035.12	",1
"8035.13	",1
"8035.14	",1
"8035.15	",1
"8035.16	",1
"8035.17	",1
"8035.18	",1
"8035.19	",1
"8035.2	",1
"8035.21	",1
"8035.22	",1
"8035.23	",1
"8035.24	",1
"8035.25	",1
"8035.26	",1
"8035.27	",1
"8035.28	",1
"8035.29	",1
"8035.3	",1
"8035.31	",1
"8035.32	",1
"8035.33	",1
"8035.34	",1
"8035.35	",1
"8035.36	",1
"8035.37	",1
"8035.38	",1
"8035.39	",1
"8035.4	",1
"8035.41	",1
"8035.42	",1
"8035.43	",1
"8035.44	",1
"8035.45	",1
"8035.46	",1
"8035.47	",1
"8035.48	",1
"8035.49	",1
"8035.5	",1
"8035.51	",1
"8035.52	",1
"8035.53	",1
"8035.54	",1
"8035.55	",1
"8035.56	",1
"8035.57	",1
"8035.58	",1
"8035.59	",1
"8035.6	",1
"8035.61	",1
"8035.62	",1
"8035.63	",1
"8035.64	",1
"8035.65	",1
"8035.66	",1
"8035.67	",1
"8035.68	",1
"8035.69	",1
"8035.7	",1
"8035.71	",1
"8035.72	",1
"8035.73	",1
"8035.74	",1
"8035.75	",1
"8035.76	",1
"8035.77	",1
"8035.78	",1
"8035.79	",1
"8035.8	",1
"8035.81	",1
"8035.82	",1
"8035.83	",1
"8035.84	",1
"8035.85	",1
"8035.86	",1
"8035.87	",1
"8035.88	",1
"8035.89	",1
"8035.9	",1
"8035.91	",1
"8035.92	",1
"8035.93	",1
"8035.94	",1
"8035.95	",1
"8035.96	",1
"8035.97	",1
"8035.98	",1
"8035.99	",1
"8036	",1
"8036.01	",1
"8036.02	",1
"8036.03	",1
"8036.04	",1
"8036.05	",1
"8036.06	",1
"8036.07	",1
"8036.08	",1
"8036.09	",1
"8036.1	",1
"8036.11	",1
"8036.12	",1
"8036.13	",1
"8036.14	",1
"8036.15	",1
"8036.16	",1
"8036.17	",1
"8036.18	",1
"8036.19	",1
"8036.2	",1
"8036.21	",1
"8036.22	",1
"8036.23	",1
"8036.24	",1
"8036.25	",1
"8036.26	",1
"8036.27	",1
"8036.28	",1
"8036.29	",1
"8036.3	",1
"8036.31	",1
"8036.32	",1
"8036.33	",1
"8036.34	",1
"8036.35	",1
"8036.36	",1
"8036.37	",1
"8036.38	",1
"8036.39	",1
"8036.4	",1
"8036.41	",1
"8036.42	",1
"8036.43	",1
"8036.44	",1
"8036.45	",1
"8036.46	",1
"8036.47	",1
"8036.48	",1
"8036.49	",1
"8036.5	",1
"8036.51	",1
"8036.52	",1
"8036.53	",1
"8036.54	",1
"8036.55	",1
"8036.56	",1
"8036.57	",1
"8036.58	",1
"8036.59	",1
"8036.6	",1
"8036.61	",1
"8036.62	",1
"8036.63	",1
"8036.64	",1
"8036.65	",1
"8036.66	",1
"8036.67	",1
"8036.68	",1
"8036.69	",1
"8036.7	",1
"8036.71	",1
"8036.72	",1
"8036.73	",1
"8036.74	",1
"8036.75	",1
"8036.76	",1
"8036.77	",1
"8036.78	",1
"8036.79	",1
"8036.8	",1
"8036.81	",1
"8036.82	",1
"8036.83	",1
"8036.84	",1
"8036.85	",1
"8036.86	",1
"8036.87	",1
"8036.88	",1
"8036.89	",1
"8036.9	",1
"8036.91	",1
"8036.92	",1
"8036.93	",1
"8036.94	",1
"8036.95	",1
"8036.96	",1
"8036.97	",1
"8036.98	",1
"8036.99	",1
"8037	",1
"8037.01	",1
"8037.02	",1
"8037.03	",1
"8037.04	",1
"8037.05	",1
"8037.06	",1
"8037.07	",1
"8037.08	",1
"8037.09	",1
"8037.1	",1
"8037.11	",1
"8037.12	",1
"8037.13	",1
"8037.14	",1
"8037.15	",1
"8037.16	",1
"8037.17	",1
"8037.18	",1
"8037.19	",1
"8037.2	",1
"8037.21	",1
"8037.22	",1
"8037.23	",1
"8037.24	",1
"8037.25	",1
"8037.26	",1
"8037.27	",1
"8037.28	",1
"8037.29	",1
"8037.3	",1
"8037.31	",1
"8037.32	",1
"8037.33	",1
"8037.34	",1
"8037.35	",1
"8037.36	",1
"8037.37	",1
"8037.38	",1
"8037.39	",1
"8037.4	",1
"8037.41	",1
"8037.42	",1
"8037.43	",1
"8037.44	",1
"8037.45	",1
"8037.46	",1
"8037.47	",1
"8037.48	",1
"8037.49	",1
"8037.5	",1
"8037.51	",1
"8037.52	",1
"8037.53	",1
"8037.54	",1
"8037.55	",1
"8037.56	",1
"8037.57	",1
"8037.58	",1
"8037.59	",1
"8037.6	",1
"8037.61	",1
"8037.62	",1
"8037.63	",1
"8037.64	",1
"8037.65	",1
"8037.66	",1
"8037.67	",1
"8037.68	",1
"8037.69	",1
"8037.7	",1
"8037.71	",1
"8037.72	",1
"8037.73	",1
"8037.74	",1
"8037.75	",1
"8037.76	",1
"8037.77	",1
"8037.78	",1
"8037.79	",1
"8037.8	",1
"8037.81	",1
"8037.82	",1
"8037.83	",1
"8037.84	",1
"8037.85	",1
"8037.86	",1
"8037.87	",1
"8037.88	",1
"8037.89	",1
"8037.9	",1
"8037.91	",1
"8037.92	",1
"8037.93	",1
"8037.94	",1
"8037.95	",1
"8037.96	",1
"8037.97	",1
"8037.98	",1
"8037.99	",1
"8038	",1
"8038.01	",1
"8038.02	",1
"8038.03	",1
"8038.04	",1
"8038.05	",1
"8038.06	",1
"8038.07	",1
"8038.08	",1
"8038.09	",1
"8038.1	",1
"8038.11	",1
"8038.12	",1
"8038.13	",1
"8038.14	",1
"8038.15	",1
"8038.16	",1
"8038.17	",1
"8038.18	",1
"8038.19	",1
"8038.2	",1
"8038.21	",1
"8038.22	",1
"8038.23	",1
"8038.24	",1
"8038.25	",1
"8038.26	",1
"8038.27	",1
"8038.28	",1
"8038.29	",1
"8038.3	",1
"8038.31	",1
"8038.32	",1
"8038.33	",1
"8038.34	",1
"8038.35	",1
"8038.36	",1
"8038.37	",1
"8038.38	",1
"8038.39	",1
"8038.4	",1
"8038.41	",1
"8038.42	",1
"8038.43	",1
"8038.44	",1
"8038.45	",1
"8038.46	",1
"8038.47	",1
"8038.48	",1
"8038.49	",1
"8038.5	",1
"8038.51	",1
"8038.52	",1
"8038.53	",1
"8038.54	",1
"8038.55	",1
"8038.56	",1
"8038.57	",1
"8038.58	",1
"8038.59	",1
"8038.6	",1
"8038.61	",1
"8038.62	",1
"8038.63	",1
"8038.64	",1
"8038.65	",1
"8038.66	",1
"8038.67	",1
"8038.68	",1
"8038.69	",1
"8038.7	",1
"8038.71	",1
"8038.72	",1
"8038.73	",1
"8038.74	",1
"8038.75	",1
"8038.76	",1
"8038.77	",1
"8038.78	",1
"8038.79	",1
"8038.8	",1
"8038.81	",1
"8038.82	",1
"8038.83	",1
"8038.84	",1
"8038.85	",1
"8038.86	",1
"8038.87	",1
"8038.88	",1
"8038.89	",1
"8038.9	",1
"8038.91	",1
"8038.92	",1
"8038.93	",1
"8038.94	",1
"8038.95	",1
"8038.96	",1
"8038.97	",1
"8038.98	",1
"8038.99	",1
"8039	",1
"8039.01	",1
"8039.02	",1
"8039.03	",1
"8039.04	",1
"8039.05	",1
"8039.06	",1
"8039.07	",1
"8039.08	",1
"8039.09	",1
"8039.1	",1
"8039.11	",1
"8039.12	",1
"8039.13	",1
"8039.14	",1
"8039.15	",1
"8039.16	",1
"8039.17	",1
"8039.18	",1
"8039.19	",1
"8039.2	",1
"8039.21	",1
"8039.22	",1
"8039.23	",1
"8039.24	",1
"8039.25	",1
"8039.26	",1
"8039.27	",1
"8039.28	",1
"8039.29	",1
"8039.3	",1
"8039.31	",1
"8039.32	",1
"8039.33	",1
"8039.34	",1
"8039.35	",1
"8039.36	",1
"8039.37	",1
"8039.38	",1
"8039.39	",1
"8039.4	",1
"8039.41	",1
"8039.42	",1
"8039.43	",1
"8039.44	",1
"8039.45	",1
"8039.46	",1
"8039.47	",1
"8039.48	",1
"8039.49	",1
"8039.5	",1
"8039.51	",1
"8039.52	",1
"8039.53	",1
"8039.54	",1
"8039.55	",1
"8039.56	",1
"8039.57	",1
"8039.58	",1
"8039.59	",1
"8039.6	",1
"8039.61	",1
"8039.62	",1
"8039.63	",1
"8039.64	",1
"8039.65	",1
"8039.66	",1
"8039.67	",1
"8039.68	",1
"8039.69	",1
"8039.7	",1
"8039.71	",1
"8039.72	",1
"8039.73	",1
"8039.74	",1
"8039.75	",1
"8039.76	",1
"8039.77	",1
"8039.78	",1
"8039.79	",1
"8039.8	",1
"8039.81	",1
"8039.82	",1
"8039.83	",1
"8039.84	",1
"8039.85	",1
"8039.86	",1
"8039.87	",1
"8039.88	",1
"8039.89	",1
"8039.9	",1
"8039.91	",1
"8039.92	",1
"8039.93	",1
"8039.94	",1
"8039.95	",1
"8039.96	",1
"8039.97	",1
"8039.98	",1
"8039.99	",1
"8040	",1
"8040.01	",1
"8040.02	",1
"8040.03	",1
"8040.04	",1
"8040.05	",1
"8040.06	",1
"8040.07	",1
"8040.08	",1
"8040.09	",1
"8040.1	",1
"8040.11	",1
"8040.12	",1
"8040.13	",1
"8040.14	",1
"8040.15	",1
"8040.16	",1
"8040.17	",1
"8040.18	",1
"8040.19	",1
"8040.2	",1
"8040.21	",1
"8040.22	",1
"8040.23	",1
"8040.24	",1
"8040.25	",1
"8040.26	",1
"8040.27	",1
"8040.28	",1
"8040.29	",1
"8040.3	",1
"8040.31	",1
"8040.32	",1
"8040.33	",1
"8040.34	",1
"8040.35	",1
"8040.36	",1
"8040.37	",1
"8040.38	",1
"8040.39	",1
"8040.4	",1
"8040.41	",1
"8040.42	",1
"8040.43	",1
"8040.44	",1
"8040.45	",1
"8040.46	",1
"8040.47	",1
"8040.48	",1
"8040.49	",1
"8040.5	",1
"8040.51	",1
"8040.52	",1
"8040.53	",1
"8040.54	",1
"8040.55	",1
"8040.56	",1
"8040.57	",1
"8040.58	",1
"8040.59	",1
"8040.6	",1
"8040.61	",1
"8040.62	",1
"8040.63	",1
"8040.64	",1
"8040.65	",1
"8040.66	",1
"8040.67	",1
"8040.68	",1
"8040.69	",1
"8040.7	",1
"8040.71	",1
"8040.72	",1
"8040.73	",1
"8040.74	",1
"8040.75	",1
"8040.76	",1
"8040.77	",1
"8040.78	",1
"8040.79	",1
"8040.8	",1
"8040.81	",1
"8040.82	",1
"8040.83	",1
"8040.84	",1
"8040.85	",1
"8040.86	",1
"8040.87	",1
"8040.88	",1
"8040.89	",1
"8040.9	",1
"8040.91	",1
"8040.92	",1
"8040.93	",1
"8040.94	",1
"8040.95	",1
"8040.96	",1
"8040.97	",1
"8040.98	",1
"8040.99	",1
"8041	",1
"8041.01	",1
"8041.02	",1
"8041.03	",1
"8041.04	",1
"8041.05	",1
"8041.06	",1
"8041.07	",1
"8041.08	",1
"8041.09	",1
"8041.1	",1
"8041.11	",1
"8041.12	",1
"8041.13	",1
"8041.14	",1
"8041.15	",1
"8041.16	",1
"8041.17	",1
"8041.18	",1
"8041.19	",1
"8041.2	",1
"8041.21	",1
"8041.22	",1
"8041.23	",1
"8041.24	",1
"8041.25	",1
"8041.26	",1
"8041.27	",1
"8041.28	",1
"8041.29	",1
"8041.3	",1
"8041.31	",1
"8041.32	",1
"8041.33	",1
"8041.34	",1
"8041.35	",1
"8041.36	",1
"8041.37	",1
"8041.38	",1
"8041.39	",1
"8041.4	",1
"8041.41	",1
"8041.42	",1
"8041.43	",1
"8041.44	",1
"8041.45	",1
"8041.46	",1
"8041.47	",1
"8041.48	",1
"8041.49	",1
"8041.5	",1
"8041.51	",1
"8041.52	",1
"8041.53	",1
"8041.54	",1
"8041.55	",1
"8041.56	",1
"8041.57	",1
"8041.58	",1
"8041.59	",1
"8041.6	",1
"8041.61	",1
"8041.62	",1
"8041.63	",1
"8041.64	",1
"8041.65	",1
"8041.66	",1
"8041.67	",1
"8041.68	",1
"8041.69	",1
"8041.7	",1
"8041.71	",1
"8041.72	",1
"8041.73	",1
"8041.74	",1
"8041.75	",1
"8041.76	",1
"8041.77	",1
"8041.78	",1
"8041.79	",1
"8041.8	",1
"8041.81	",1
"8041.82	",1
"8041.83	",1
"8041.84	",1
"8041.85	",1
"8041.86	",1
"8041.87	",1
"8041.88	",1
"8041.89	",1
"8041.9	",1
"8041.91	",1
"8041.92	",1
"8041.93	",1
"8041.94	",1
"8041.95	",1
"8041.96	",1
"8041.97	",1
"8041.98	",1
"8041.99	",1
"8042	",1
"8042.01	",1
"8042.02	",1
"8042.03	",1
"8042.04	",1
"8042.05	",1
"8042.06	",1
"8042.07	",1
"8042.08	",1
"8042.09	",1
"8042.1	",1
"8042.11	",1
"8042.12	",1
"8042.13	",1
"8042.14	",1
"8042.15	",1
"8042.16	",1
"8042.17	",1
"8042.18	",1
"8042.19	",1
"8042.2	",1
"8042.21	",1
"8042.22	",1
"8042.23	",1
"8042.24	",1
"8042.25	",1
"8042.26	",1
"8042.27	",1
"8042.28	",1
"8042.29	",1
"8042.3	",1
"8042.31	",1
"8042.32	",1
"8042.33	",1
"8042.34	",1
"8042.35	",1
"8042.36	",1
"8042.37	",1
"8042.38	",1
"8042.39	",1
"8042.4	",1
"8042.41	",1
"8042.42	",1
"8042.43	",1
"8042.44	",1
"8042.45	",1
"8042.46	",1
"8042.47	",1
"8042.48	",1
"8042.49	",1
"8042.5	",1
"8042.51	",1
"8042.52	",1
"8042.53	",1
"8042.54	",1
"8042.55	",1
"8042.56	",1
"8042.57	",1
"8042.58	",1
"8042.59	",1
"8042.6	",1
"8042.61	",1
"8042.62	",1
"8042.63	",1
"8042.64	",1
"8042.65	",1
"8042.66	",1
"8042.67	",1
"8042.68	",1
"8042.69	",1
"8042.7	",1
"8042.71	",1
"8042.72	",1
"8042.73	",1
"8042.74	",1
"8042.75	",1
"8042.76	",1
"8042.77	",1
"8042.78	",1
"8042.79	",1
"8042.8	",1
"8042.81	",1
"8042.82	",1
"8042.83	",1
"8042.84	",1
"8042.85	",1
"8042.86	",1
"8042.87	",1
"8042.88	",1
"8042.89	",1
"8042.9	",1
"8042.91	",1
"8042.92	",1
"8042.93	",1
"8042.94	",1
"8042.95	",1
"8042.96	",1
"8042.97	",1
"8042.98	",1
"8042.99	",1
"8043	",1
"8043.01	",1
"8043.02	",1
"8043.03	",1
"8043.04	",1
"8043.05	",1
"8043.06	",1
"8043.07	",1
"8043.08	",1
"8043.09	",1
"8043.1	",1
"8043.11	",1
"8043.12	",1
"8043.13	",1
"8043.14	",1
"8043.15	",1
"8043.16	",1
"8043.17	",1
"8043.18	",1
"8043.19	",1
"8043.2	",1
"8043.21	",1
"8043.22	",1
"8043.23	",1
"8043.24	",1
"8043.25	",1
"8043.26	",1
"8043.27	",1
"8043.28	",1
"8043.29	",1
"8043.3	",1
"8043.31	",1
"8043.32	",1
"8043.33	",1
"8043.34	",1
"8043.35	",1
"8043.36	",1
"8043.37	",1
"8043.38	",1
"8043.39	",1
"8043.4	",1
"8043.41	",1
"8043.42	",1
"8043.43	",1
"8043.44	",1
"8043.45	",1
"8043.46	",1
"8043.47	",1
"8043.48	",1
"8043.49	",1
"8043.5	",1
"8043.51	",1
"8043.52	",1
"8043.53	",1
"8043.54	",1
"8043.55	",1
"8043.56	",1
"8043.57	",1
"8043.58	",1
"8043.59	",1
"8043.6	",1
"8043.61	",1
"8043.62	",1
"8043.63	",1
"8043.64	",1
"8043.65	",1
"8043.66	",1
"8043.67	",1
"8043.68	",1
"8043.69	",1
"8043.7	",1
"8043.71	",1
"8043.72	",1
"8043.73	",1
"8043.74	",1
"8043.75	",1
"8043.76	",1
"8043.77	",1
"8043.78	",1
"8043.79	",1
"8043.8	",1
"8043.81	",1
"8043.82	",1
"8043.83	",1
"8043.84	",1
"8043.85	",1
"8043.86	",1
"8043.87	",1
"8043.88	",1
"8043.89	",1
"8043.9	",1
"8043.91	",1
"8043.92	",1
"8043.93	",1
"8043.94	",1
"8043.95	",1
"8043.96	",1
"8043.97	",1
"8043.98	",1
"8043.99	",1
"8044	",1
"8044.01	",1
"8044.02	",1
"8044.03	",1
"8044.04	",1
"8044.05	",1
"8044.06	",1
"8044.07	",1
"8044.08	",1
"8044.09	",1
"8044.1	",1
"8044.11	",1
"8044.12	",1
"8044.13	",1
"8044.14	",1
"8044.15	",1
"8044.16	",1
"8044.17	",1
"8044.18	",1
"8044.19	",1
"8044.2	",1
"8044.21	",1
"8044.22	",1
"8044.23	",1
"8044.24	",1
"8044.25	",1
"8044.26	",1
"8044.27	",1
"8044.28	",1
"8044.29	",1
"8044.3	",1
"8044.31	",1
"8044.32	",1
"8044.33	",1
"8044.34	",1
"8044.35	",1
"8044.36	",1
"8044.37	",1
"8044.38	",1
"8044.39	",1
"8044.4	",1
"8044.41	",1
"8044.42	",1
"8044.43	",1
"8044.44	",1
"8044.45	",1
"8044.46	",1
"8044.47	",1
"8044.48	",1
"8044.49	",1
"8044.5	",1
"8044.51	",1
"8044.52	",1
"8044.53	",1
"8044.54	",1
"8044.55	",1
"8044.56	",1
"8044.57	",1
"8044.58	",1
"8044.59	",1
"8044.6	",1
"8044.61	",1
"8044.62	",1
"8044.63	",1
"8044.64	",1
"8044.65	",1
"8044.66	",1
"8044.67	",1
"8044.68	",1
"8044.69	",1
"8044.7	",1
"8044.71	",1
"8044.72	",1
"8044.73	",1
"8044.74	",1
"8044.75	",1
"8044.76	",1
"8044.77	",1
"8044.78	",1
"8044.79	",1
"8044.8	",1
"8044.81	",1
"8044.82	",1
"8044.83	",1
"8044.84	",1
"8044.85	",1
"8044.86	",1
"8044.87	",1
"8044.88	",1
"8044.89	",1
"8044.9	",1
"8044.91	",1
"8044.92	",1
"8044.93	",1
"8044.94	",1
"8044.95	",1
"8044.96	",1
"8044.97	",1
"8044.98	",1
"8044.99	",1
"8045	",1
"8045.01	",1
"8045.02	",1
"8045.03	",1
"8045.04	",1
"8045.05	",1
"8045.06	",1
"8045.07	",1
"8045.08	",1
"8045.09	",1
"8045.1	",1
"8045.11	",1
"8045.12	",1
"8045.13	",1
"8045.14	",1
"8045.15	",1
"8045.16	",1
"8045.17	",1
"8045.18	",1
"8045.19	",1
"8045.2	",1
"8045.21	",1
"8045.22	",1
"8045.23	",1
"8045.24	",1
"8045.25	",1
"8045.26	",1
"8045.27	",1
"8045.28	",1
"8045.29	",1
"8045.3	",1
"8045.31	",1
"8045.32	",1
"8045.33	",1
"8045.34	",1
"8045.35	",1
"8045.36	",1
"8045.37	",1
"8045.38	",1
"8045.39	",1
"8045.4	",1
"8045.41	",1
"8045.42	",1
"8045.43	",1
"8045.44	",1
"8045.45	",1
"8045.46	",1
"8045.47	",1
"8045.48	",1
"8045.49	",1
"8045.5	",1
"8045.51	",1
"8045.52	",1
"8045.53	",1
"8045.54	",1
"8045.55	",1
"8045.56	",1
"8045.57	",1
"8045.58	",1
"8045.59	",1
"8045.6	",1
"8045.61	",1
"8045.62	",1
"8045.63	",1
"8045.64	",1
"8045.65	",1
"8045.66	",1
"8045.67	",1
"8045.68	",1
"8045.69	",1
"8045.7	",1
"8045.71	",1
"8045.72	",1
"8045.73	",1
"8045.74	",1
"8045.75	",1
"8045.76	",1
"8045.77	",1
"8045.78	",1
"8045.79	",1
"8045.8	",1
"8045.81	",1
"8045.82	",1
"8045.83	",1
"8045.84	",1
"8045.85	",1
"8045.86	",1
"8045.87	",1
"8045.88	",1
"8045.89	",1
"8045.9	",1
"8045.91	",1
"8045.92	",1
"8045.93	",1
"8045.94	",1
"8045.95	",1
"8045.96	",1
"8045.97	",1
"8045.98	",1
"8045.99	",1
"8046	",1
"8046.01	",1
"8046.02	",1
"8046.03	",1
"8046.04	",1
"8046.05	",1
"8046.06	",1
"8046.07	",1
"8046.08	",1
"8046.09	",1
"8046.1	",1
"8046.11	",1
"8046.12	",1
"8046.13	",1
"8046.14	",1
"8046.15	",1
"8046.16	",1
"8046.17	",1
"8046.18	",1
"8046.19	",1
"8046.2	",1
"8046.21	",1
"8046.22	",1
"8046.23	",1
"8046.24	",1
"8046.25	",1
"8046.26	",1
"8046.27	",1
"8046.28	",1
"8046.29	",1
"8046.3	",1
"8046.31	",1
"8046.32	",1
"8046.33	",1
"8046.34	",1
"8046.35	",1
"8046.36	",1
"8046.37	",1
"8046.38	",1
"8046.39	",1
"8046.4	",1
"8046.41	",1
"8046.42	",1
"8046.43	",1
"8046.44	",1
"8046.45	",1
"8046.46	",1
"8046.47	",1
"8046.48	",1
"8046.49	",1
"8046.5	",1
"8046.51	",1
"8046.52	",1
"8046.53	",1
"8046.54	",1
"8046.55	",1
"8046.56	",1
"8046.57	",1
"8046.58	",1
"8046.59	",1
"8046.6	",1
"8046.61	",1
"8046.62	",1
"8046.63	",1
"8046.64	",1
"8046.65	",1
"8046.66	",1
"8046.67	",1
"8046.68	",1
"8046.69	",1
"8046.7	",1
"8046.71	",1
"8046.72	",1
"8046.73	",1
"8046.74	",1
"8046.75	",1
"8046.76	",1
"8046.77	",1
"8046.78	",1
"8046.79	",1
"8046.8	",1
"8046.81	",1
"8046.82	",1
"8046.83	",1
"8046.84	",1
"8046.85	",1
"8046.86	",1
"8046.87	",1
"8046.88	",1
"8046.89	",1
"8046.9	",1
"8046.91	",1
"8046.92	",1
"8046.93	",1
"8046.94	",1
"8046.95	",1
"8046.96	",1
"8046.97	",1
"8046.98	",1
"8046.99	",1
"8047	",1
"8047.01	",1
"8047.02	",1
"8047.03	",1
"8047.04	",1
"8047.05	",1
"8047.06	",1
"8047.07	",1
"8047.08	",1
"8047.09	",1
"8047.1	",1
"8047.11	",1
"8047.12	",1
"8047.13	",1
"8047.14	",1
"8047.15	",1
"8047.16	",1
"8047.17	",1
"8047.18	",1
"8047.19	",1
"8047.2	",1
"8047.21	",1
"8047.22	",1
"8047.23	",1
"8047.24	",1
"8047.25	",1
"8047.26	",1
"8047.27	",1
"8047.28	",1
"8047.29	",1
"8047.3	",1
"8047.31	",1
"8047.32	",1
"8047.33	",1
"8047.34	",1
"8047.35	",1
"8047.36	",1
"8047.37	",1
"8047.38	",1
"8047.39	",1
"8047.4	",1
"8047.41	",1
"8047.42	",1
"8047.43	",1
"8047.44	",1
"8047.45	",1
"8047.46	",1
"8047.47	",1
"8047.48	",1
"8047.49	",1
"8047.5	",1
"8047.51	",1
"8047.52	",1
"8047.53	",1
"8047.54	",1
"8047.55	",1
"8047.56	",1
"8047.57	",1
"8047.58	",1
"8047.59	",1
"8047.6	",1
"8047.61	",1
"8047.62	",1
"8047.63	",1
"8047.64	",1
"8047.65	",1
"8047.66	",1
"8047.67	",1
"8047.68	",1
"8047.69	",1
"8047.7	",1
"8047.71	",1
"8047.72	",1
"8047.73	",1
"8047.74	",1
"8047.75	",1
"8047.76	",1
"8047.77	",1
"8047.78	",1
"8047.79	",1
"8047.8	",1
"8047.81	",1
"8047.82	",1
"8047.83	",1
"8047.84	",1
"8047.85	",1
"8047.86	",1
"8047.87	",1
"8047.88	",1
"8047.89	",1
"8047.9	",1
"8047.91	",1
"8047.92	",1
"8047.93	",1
"8047.94	",1
"8047.95	",1
"8047.96	",1
"8047.97	",1
"8047.98	",1
"8047.99	",1
"8048	",1
"8048.01	",1
"8048.02	",1
"8048.03	",1
"8048.04	",1
"8048.05	",1
"8048.06	",1
"8048.07	",1
"8048.08	",1
"8048.09	",1
"8048.1	",1
"8048.11	",1
"8048.12	",1
"8048.13	",1
"8048.14	",1
"8048.15	",1
"8048.16	",1
"8048.17	",1
"8048.18	",1
"8048.19	",1
"8048.2	",1
"8048.21	",1
"8048.22	",1
"8048.23	",1
"8048.24	",1
"8048.25	",1
"8048.26	",1
"8048.27	",1
"8048.28	",1
"8048.29	",1
"8048.3	",1
"8048.31	",1
"8048.32	",1
"8048.33	",1
"8048.34	",1
"8048.35	",1
"8048.36	",1
"8048.37	",1
"8048.38	",1
"8048.39	",1
"8048.4	",1
"8048.41	",1
"8048.42	",1
"8048.43	",1
"8048.44	",1
"8048.45	",1
"8048.46	",1
"8048.47	",1
"8048.48	",1
"8048.49	",1
"8048.5	",1
"8048.51	",1
"8048.52	",1
"8048.53	",1
"8048.54	",1
"8048.55	",1
"8048.56	",1
"8048.57	",1
"8048.58	",1
"8048.59	",1
"8048.6	",1
"8048.61	",1
"8048.62	",1
"8048.63	",1
"8048.64	",1
"8048.65	",1
"8048.66	",1
"8048.67	",1
"8048.68	",1
"8048.69	",1
"8048.7	",1
"8048.71	",1
"8048.72	",1
"8048.73	",1
"8048.74	",1
"8048.75	",1
"8048.76	",1
"8048.77	",1
"8048.78	",1
"8048.79	",1
"8048.8	",1
"8048.81	",1
"8048.82	",1
"8048.83	",1
"8048.84	",1
"8048.85	",1
"8048.86	",1
"8048.87	",1
"8048.88	",1
"8048.89	",1
"8048.9	",1
"8048.91	",1
"8048.92	",1
"8048.93	",1
"8048.94	",1
"8048.95	",1
"8048.96	",1
"8048.97	",1
"8048.98	",1
"8048.99	",1
"8049	",1
"8049.01	",1
"8049.02	",1
"8049.03	",1
"8049.04	",1
"8049.05	",1
"8049.06	",1
"8049.07	",1
"8049.08	",1
"8049.09	",1
"8049.1	",1
"8049.11	",1
"8049.12	",1
"8049.13	",1
"8049.14	",1
"8049.15	",1
"8049.16	",1
"8049.17	",1
"8049.18	",1
"8049.19	",1
"8049.2	",1
"8049.21	",1
"8049.22	",1
"8049.23	",1
"8049.24	",1
"8049.25	",1
"8049.26	",1
"8049.27	",1
"8049.28	",1
"8049.29	",1
"8049.3	",1
"8049.31	",1
"8049.32	",1
"8049.33	",1
"8049.34	",1
"8049.35	",1
"8049.36	",1
"8049.37	",1
"8049.38	",1
"8049.39	",1
"8049.4	",1
"8049.41	",1
"8049.42	",1
"8049.43	",1
"8049.44	",1
"8049.45	",1
"8049.46	",1
"8049.47	",1
"8049.48	",1
"8049.49	",1
"8049.5	",1
"8049.51	",1
"8049.52	",1
"8049.53	",1
"8049.54	",1
"8049.55	",1
"8049.56	",1
"8049.57	",1
"8049.58	",1
"8049.59	",1
"8049.6	",1
"8049.61	",1
"8049.62	",1
"8049.63	",1
"8049.64	",1
"8049.65	",1
"8049.66	",1
"8049.67	",1
"8049.68	",1
"8049.69	",1
"8049.7	",1
"8049.71	",1
"8049.72	",1
"8049.73	",1
"8049.74	",1
"8049.75	",1
"8049.76	",1
"8049.77	",1
"8049.78	",1
"8049.79	",1
"8049.8	",1
"8049.81	",1
"8049.82	",1
"8049.83	",1
"8049.84	",1
"8049.85	",1
"8049.86	",1
"8049.87	",1
"8049.88	",1
"8049.89	",1
"8049.9	",1
"8049.91	",1
"8049.92	",1
"8049.93	",1
"8049.94	",1
"8049.95	",1
"8049.96	",1
"8049.97	",1
"8049.98	",1
"8049.99	",1
"8050	",1
"8050.01	",1
"8050.02	",1
"8050.03	",1
"8050.04	",1
"8050.05	",1
"8050.06	",1
"8050.07	",1
"8050.08	",1
"8050.09	",1
"8050.1	",1
"8050.11	",1
"8050.12	",1
"8050.13	",1
"8050.14	",1
"8050.15	",1
"8050.16	",1
"8050.17	",1
"8050.18	",1
"8050.19	",1
"8050.2	",1
"8050.21	",1
"8050.22	",1
"8050.23	",1
"8050.24	",1
"8050.25	",1
"8050.26	",1
"8050.27	",1
"8050.28	",1
"8050.29	",1
"8050.3	",1
"8050.31	",1
"8050.32	",1
"8050.33	",1
"8050.34	",1
"8050.35	",1
"8050.36	",1
"8050.37	",1
"8050.38	",1
"8050.39	",1
"8050.4	",1
"8050.41	",1
"8050.42	",1
"8050.43	",1
"8050.44	",1
"8050.45	",1
"8050.46	",1
"8050.47	",1
"8050.48	",1
"8050.49	",1
"8050.5	",1
"8050.51	",1
"8050.52	",1
"8050.53	",1
"8050.54	",1
"8050.55	",1
"8050.56	",1
"8050.57	",1
"8050.58	",1
"8050.59	",1
"8050.6	",1
"8050.61	",1
"8050.62	",1
"8050.63	",1
"8050.64	",1
"8050.65	",1
"8050.66	",1
"8050.67	",1
"8050.68	",1
"8050.69	",1
"8050.7	",1
"8050.71	",1
"8050.72	",1
"8050.73	",1
"8050.74	",1
"8050.75	",1
"8050.76	",1
"8050.77	",1
"8050.78	",1
"8050.79	",1
"8050.8	",1
"8050.81	",1
"8050.82	",1
"8050.83	",1
"8050.84	",1
"8050.85	",1
"8050.86	",1
"8050.87	",1
"8050.88	",1
"8050.89	",1
"8050.9	",1
"8050.91	",1
"8050.92	",1
"8050.93	",1
"8050.94	",1
"8050.95	",1
"8050.96	",1
"8050.97	",1
"8050.98	",1
"8050.99	",1
"8051	",1
"8051.01	",1
"8051.02	",1
"8051.03	",1
"8051.04	",1
"8051.05	",1
"8051.06	",1
"8051.07	",1
"8051.08	",1
"8051.09	",1
"8051.1	",1
"8051.11	",1
"8051.12	",1
"8051.13	",1
"8051.14	",1
"8051.15	",1
"8051.16	",1
"8051.17	",1
"8051.18	",1
"8051.19	",1
"8051.2	",1
"8051.21	",1
"8051.22	",1
"8051.23	",1
"8051.24	",1
"8051.25	",1
"8051.26	",1
"8051.27	",1
"8051.28	",1
"8051.29	",1
"8051.3	",1
"8051.31	",1
"8051.32	",1
"8051.33	",1
"8051.34	",1
"8051.35	",1
"8051.36	",1
"8051.37	",1
"8051.38	",1
"8051.39	",1
"8051.4	",1
"8051.41	",1
"8051.42	",1
"8051.43	",1
"8051.44	",1
"8051.45	",1
"8051.46	",1
"8051.47	",1
"8051.48	",1
"8051.49	",1
"8051.5	",1
"8051.51	",1
"8051.52	",1
"8051.53	",1
"8051.54	",1
"8051.55	",1
"8051.56	",1
"8051.57	",1
"8051.58	",1
"8051.59	",1
"8051.6	",1
"8051.61	",1
"8051.62	",1
"8051.63	",1
"8051.64	",1
"8051.65	",1
"8051.66	",1
"8051.67	",1
"8051.68	",1
"8051.69	",1
"8051.7	",1
"8051.71	",1
"8051.72	",1
"8051.73	",1
"8051.74	",1
"8051.75	",1
"8051.76	",1
"8051.77	",1
"8051.78	",1
"8051.79	",1
"8051.8	",1
"8051.81	",1
"8051.82	",1
"8051.83	",1
"8051.84	",1
"8051.85	",1
"8051.86	",1
"8051.87	",1
"8051.88	",1
"8051.89	",1
"8051.9	",1
"8051.91	",1
"8051.92	",1
"8051.93	",1
"8051.94	",1
"8051.95	",1
"8051.96	",1
"8051.97	",1
"8051.98	",1
"8051.99	",1
"8052	",1
"8052.01	",1
"8052.02	",1
"8052.03	",1
"8052.04	",1
"8052.05	",1
"8052.06	",1
"8052.07	",1
"8052.08	",1
"8052.09	",1
"8052.1	",1
"8052.11	",1
"8052.12	",1
"8052.13	",1
"8052.14	",1
"8052.15	",1
"8052.16	",1
"8052.17	",1
"8052.18	",1
"8052.19	",1
"8052.2	",1
"8052.21	",1
"8052.22	",1
"8052.23	",1
"8052.24	",1
"8052.25	",1
"8052.26	",1
"8052.27	",1
"8052.28	",1
"8052.29	",1
"8052.3	",1
"8052.31	",1
"8052.32	",1
"8052.33	",1
"8052.34	",1
"8052.35	",1
"8052.36	",1
"8052.37	",1
"8052.38	",1
"8052.39	",1
"8052.4	",1
"8052.41	",1
"8052.42	",1
"8052.43	",1
"8052.44	",1
"8052.45	",1
"8052.46	",1
"8052.47	",1
"8052.48	",1
"8052.49	",1
"8052.5	",1
"8052.51	",1
"8052.52	",1
"8052.53	",1
"8052.54	",1
"8052.55	",1
"8052.56	",1
"8052.57	",1
"8052.58	",1
"8052.59	",1
"8052.6	",1
"8052.61	",1
"8052.62	",1
"8052.63	",1
"8052.64	",1
"8052.65	",1
"8052.66	",1
"8052.67	",1
"8052.68	",1
"8052.69	",1
"8052.7	",1
"8052.71	",1
"8052.72	",1
"8052.73	",1
"8052.74	",1
"8052.75	",1
"8052.76	",1
"8052.77	",1
"8052.78	",1
"8052.79	",1
"8052.8	",1
"8052.81	",1
"8052.82	",1
"8052.83	",1
"8052.84	",1
"8052.85	",1
"8052.86	",1
"8052.87	",1
"8052.88	",1
"8052.89	",1
"8052.9	",1
"8052.91	",1
"8052.92	",1
"8052.93	",1
"8052.94	",1
"8052.95	",1
"8052.96	",1
"8052.97	",1
"8052.98	",1
"8052.99	",1
"8053	",1
"8053.01	",1
"8053.02	",1
"8053.03	",1
"8053.04	",1
"8053.05	",1
"8053.06	",1
"8053.07	",1
"8053.08	",1
"8053.09	",1
"8053.1	",1
"8053.11	",1
"8053.12	",1
"8053.13	",1
"8053.14	",1
"8053.15	",1
"8053.16	",1
"8053.17	",1
"8053.18	",1
"8053.19	",1
"8053.2	",1
"8053.21	",1
"8053.22	",1
"8053.23	",1
"8053.24	",1
"8053.25	",1
"8053.26	",1
"8053.27	",1
"8053.28	",1
"8053.29	",1
"8053.3	",1
"8053.31	",1
"8053.32	",1
"8053.33	",1
"8053.34	",1
"8053.35	",1
"8053.36	",1
"8053.37	",1
"8053.38	",1
"8053.39	",1
"8053.4	",1
"8053.41	",1
"8053.42	",1
"8053.43	",1
"8053.44	",1
"8053.45	",1
"8053.46	",1
"8053.47	",1
"8053.48	",1
"8053.49	",1
"8053.5	",1
"8053.51	",1
"8053.52	",1
"8053.53	",1
"8053.54	",1
"8053.55	",1
"8053.56	",1
"8053.57	",1
"8053.58	",1
"8053.59	",1
"8053.6	",1
"8053.61	",1
"8053.62	",1
"8053.63	",1
"8053.64	",1
"8053.65	",1
"8053.66	",1
"8053.67	",1
"8053.68	",1
"8053.69	",1
"8053.7	",1
"8053.71	",1
"8053.72	",1
"8053.73	",1
"8053.74	",1
"8053.75	",1
"8053.76	",1
"8053.77	",1
"8053.78	",1
"8053.79	",1
"8053.8	",1
"8053.81	",1
"8053.82	",1
"8053.83	",1
"8053.84	",1
"8053.85	",1
"8053.86	",1
"8053.87	",1
"8053.88	",1
"8053.89	",1
"8053.9	",1
"8053.91	",1
"8053.92	",1
"8053.93	",1
"8053.94	",1
"8053.95	",1
"8053.96	",1
"8053.97	",1
"8053.98	",1
"8053.99	",1
"8054	",1
"8054.01	",1
"8054.02	",1
"8054.03	",1
"8054.04	",1
"8054.05	",1
"8054.06	",1
"8054.07	",1
"8054.08	",1
"8054.09	",1
"8054.1	",1
"8054.11	",1
"8054.12	",1
"8054.13	",1
"8054.14	",1
"8054.15	",1
"8054.16	",1
"8054.17	",1
"8054.18	",1
"8054.19	",1
"8054.2	",1
"8054.21	",1
"8054.22	",1
"8054.23	",1
"8054.24	",1
"8054.25	",1
"8054.26	",1
"8054.27	",1
"8054.28	",1
"8054.29	",1
"8054.3	",1
"8054.31	",1
"8054.32	",1
"8054.33	",1
"8054.34	",1
"8054.35	",1
"8054.36	",1
"8054.37	",1
"8054.38	",1
"8054.39	",1
"8054.4	",1
"8054.41	",1
"8054.42	",1
"8054.43	",1
"8054.44	",1
"8054.45	",1
"8054.46	",1
"8054.47	",1
"8054.48	",1
"8054.49	",1
"8054.5	",1
"8054.51	",1
"8054.52	",1
"8054.53	",1
"8054.54	",1
"8054.55	",1
"8054.56	",1
"8054.57	",1
"8054.58	",1
"8054.59	",1
"8054.6	",1
"8054.61	",1
"8054.62	",1
"8054.63	",1
"8054.64	",1
"8054.65	",1
"8054.66	",1
"8054.67	",1
"8054.68	",1
"8054.69	",1
"8054.7	",1
"8054.71	",1
"8054.72	",1
"8054.73	",1
"8054.74	",1
"8054.75	",1
"8054.76	",1
"8054.77	",1
"8054.78	",1
"8054.79	",1
"8054.8	",1
"8054.81	",1
"8054.82	",1
"8054.83	",1
"8054.84	",1
"8054.85	",1
"8054.86	",1
"8054.87	",1
"8054.88	",1
"8054.89	",1
"8054.9	",1
"8054.91	",1
"8054.92	",1
"8054.93	",1
"8054.94	",1
"8054.95	",1
"8054.96	",1
"8054.97	",1
"8054.98	",1
"8054.99	",1
"8055	",1
"8055.01	",1
"8055.02	",1
"8055.03	",1
"8055.04	",1
"8055.05	",1
"8055.06	",1
"8055.07	",1
"8055.08	",1
"8055.09	",1
"8055.1	",1
"8055.11	",1
"8055.12	",1
"8055.13	",1
"8055.14	",1
"8055.15	",1
"8055.16	",1
"8055.17	",1
"8055.18	",1
"8055.19	",1
"8055.2	",1
"8055.21	",1
"8055.22	",1
"8055.23	",1
"8055.24	",1
"8055.25	",1
"8055.26	",1
"8055.27	",1
"8055.28	",1
"8055.29	",1
"8055.3	",1
"8055.31	",1
"8055.32	",1
"8055.33	",1
"8055.34	",1
"8055.35	",1
"8055.36	",1
"8055.37	",1
"8055.38	",1
"8055.39	",1
"8055.4	",1
"8055.41	",1
"8055.42	",1
"8055.43	",1
"8055.44	",1
"8055.45	",1
"8055.46	",1
"8055.47	",1
"8055.48	",1
"8055.49	",1
"8055.5	",1
"8055.51	",1
"8055.52	",1
"8055.53	",1
"8055.54	",1
"8055.55	",1
"8055.56	",1
"8055.57	",1
"8055.58	",1
"8055.59	",1
"8055.6	",1
"8055.61	",1
"8055.62	",1
"8055.63	",1
"8055.64	",1
"8055.65	",1
"8055.66	",1
"8055.67	",1
"8055.68	",1
"8055.69	",1
"8055.7	",1
"8055.71	",1
"8055.72	",1
"8055.73	",1
"8055.74	",1
"8055.75	",1
"8055.76	",1
"8055.77	",1
"8055.78	",1
"8055.79	",1
"8055.8	",1
"8055.81	",1
"8055.82	",1
"8055.83	",1
"8055.84	",1
"8055.85	",1
"8055.86	",1
"8055.87	",1
"8055.88	",1
"8055.89	",1
"8055.9	",1
"8055.91	",1
"8055.92	",1
"8055.93	",1
"8055.94	",1
"8055.95	",1
"8055.96	",1
"8055.97	",1
"8055.98	",1
"8055.99	",1
"8056	",1
"8056.01	",1
"8056.02	",1
"8056.03	",1
"8056.04	",1
"8056.05	",1
"8056.06	",1
"8056.07	",1
"8056.08	",1
"8056.09	",1
"8056.1	",1
"8056.11	",1
"8056.12	",1
"8056.13	",1
"8056.14	",1
"8056.15	",1
"8056.16	",1
"8056.17	",1
"8056.18	",1
"8056.19	",1
"8056.2	",1
"8056.21	",1
"8056.22	",1
"8056.23	",1
"8056.24	",1
"8056.25	",1
"8056.26	",1
"8056.27	",1
"8056.28	",1
"8056.29	",1
"8056.3	",1
"8056.31	",1
"8056.32	",1
"8056.33	",1
"8056.34	",1
"8056.35	",1
"8056.36	",1
"8056.37	",1
"8056.38	",1
"8056.39	",1
"8056.4	",1
"8056.41	",1
"8056.42	",1
"8056.43	",1
"8056.44	",1
"8056.45	",1
"8056.46	",1
"8056.47	",1
"8056.48	",1
"8056.49	",1
"8056.5	",1
"8056.51	",1
"8056.52	",1
"8056.53	",1
"8056.54	",1
"8056.55	",1
"8056.56	",1
"8056.57	",1
"8056.58	",1
"8056.59	",1
"8056.6	",1
"8056.61	",1
"8056.62	",1
"8056.63	",1
"8056.64	",1
"8056.65	",1
"8056.66	",1
"8056.67	",1
"8056.68	",1
"8056.69	",1
"8056.7	",1
"8056.71	",1
"8056.72	",1
"8056.73	",1
"8056.74	",1
"8056.75	",1
"8056.76	",1
"8056.77	",1
"8056.78	",1
"8056.79	",1
"8056.8	",1
"8056.81	",1
"8056.82	",1
"8056.83	",1
"8056.84	",1
"8056.85	",1
"8056.86	",1
"8056.87	",1
"8056.88	",1
"8056.89	",1
"8056.9	",1
"8056.91	",1
"8056.92	",1
"8056.93	",1
"8056.94	",1
"8056.95	",1
"8056.96	",1
"8056.97	",1
"8056.98	",1
"8056.99	",1
"8057	",1
"8057.01	",1
"8057.02	",1
"8057.03	",1
"8057.04	",1
"8057.05	",1
"8057.06	",1
"8057.07	",1
"8057.08	",1
"8057.09	",1
"8057.1	",1
"8057.11	",1
"8057.12	",1
"8057.13	",1
"8057.14	",1
"8057.15	",1
"8057.16	",1
"8057.17	",1
"8057.18	",1
"8057.19	",1
"8057.2	",1
"8057.21	",1
"8057.22	",1
"8057.23	",1
"8057.24	",1
"8057.25	",1
"8057.26	",1
"8057.27	",1
"8057.28	",1
"8057.29	",1
"8057.3	",1
"8057.31	",1
"8057.32	",1
"8057.33	",1
"8057.34	",1
"8057.35	",1
"8057.36	",1
"8057.37	",1
"8057.38	",1
"8057.39	",1
"8057.4	",1
"8057.41	",1
"8057.42	",1
"8057.43	",1
"8057.44	",1
"8057.45	",1
"8057.46	",1
"8057.47	",1
"8057.48	",1
"8057.49	",1
"8057.5	",1
"8057.51	",1
"8057.52	",1
"8057.53	",1
"8057.54	",1
"8057.55	",1
"8057.56	",1
"8057.57	",1
"8057.58	",1
"8057.59	",1
"8057.6	",1
"8057.61	",1
"8057.62	",1
"8057.63	",1
"8057.64	",1
"8057.65	",1
"8057.66	",1
"8057.67	",1
"8057.68	",1
"8057.69	",1
"8057.7	",1
"8057.71	",1
"8057.72	",1
"8057.73	",1
"8057.74	",1
"8057.75	",1
"8057.76	",1
"8057.77	",1
"8057.78	",1
"8057.79	",1
"8057.8	",1
"8057.81	",1
"8057.82	",1
"8057.83	",1
"8057.84	",1
"8057.85	",1
"8057.86	",1
"8057.87	",1
"8057.88	",1
"8057.89	",1
"8057.9	",1
"8057.91	",1
"8057.92	",1
"8057.93	",1
"8057.94	",1
"8057.95	",1
"8057.96	",1
"8057.97	",1
"8057.98	",1
"8057.99	",1
"8058	",1
"8058.01	",1
"8058.02	",1
"8058.03	",1
"8058.04	",1
"8058.05	",1
"8058.06	",1
"8058.07	",1
"8058.08	",1
"8058.09	",1
"8058.1	",1
"8058.11	",1
"8058.12	",1
"8058.13	",1
"8058.14	",1
"8058.15	",1
"8058.16	",1
"8058.17	",1
"8058.18	",1
"8058.19	",1
"8058.2	",1
"8058.21	",1
"8058.22	",1
"8058.23	",1
"8058.24	",1
"8058.25	",1
"8058.26	",1
"8058.27	",1
"8058.28	",1
"8058.29	",1
"8058.3	",1
"8058.31	",1
"8058.32	",1
"8058.33	",1
"8058.34	",1
"8058.35	",1
"8058.36	",1
"8058.37	",1
"8058.38	",1
"8058.39	",1
"8058.4	",1
"8058.41	",1
"8058.42	",1
"8058.43	",1
"8058.44	",1
"8058.45	",1
"8058.46	",1
"8058.47	",1
"8058.48	",1
"8058.49	",1
"8058.5	",1
"8058.51	",1
"8058.52	",1
"8058.53	",1
"8058.54	",1
"8058.55	",1
"8058.56	",1
"8058.57	",1
"8058.58	",1
"8058.59	",1
"8058.6	",1
"8058.61	",1
"8058.62	",1
"8058.63	",1
"8058.64	",1
"8058.65	",1
"8058.66	",1
"8058.67	",1
"8058.68	",1
"8058.69	",1
"8058.7	",1
"8058.71	",1
"8058.72	",1
"8058.73	",1
"8058.74	",1
"8058.75	",1
"8058.76	",1
"8058.77	",1
"8058.78	",1
"8058.79	",1
"8058.8	",1
"8058.81	",1
"8058.82	",1
"8058.83	",1
"8058.84	",1
"8058.85	",1
"8058.86	",1
"8058.87	",1
"8058.88	",1
"8058.89	",1
"8058.9	",1
"8058.91	",1
"8058.92	",1
"8058.93	",1
"8058.94	",1
"8058.95	",1
"8058.96	",1
"8058.97	",1
"8058.98	",1
"8058.99	",1
"8059	",1
"8059.01	",1
"8059.02	",1
"8059.03	",1
"8059.04	",1
"8059.05	",1
"8059.06	",1
"8059.07	",1
"8059.08	",1
"8059.09	",1
"8059.1	",1
"8059.11	",1
"8059.12	",1
"8059.13	",1
"8059.14	",1
"8059.15	",1
"8059.16	",1
"8059.17	",1
"8059.18	",1
"8059.19	",1
"8059.2	",1
"8059.21	",1
"8059.22	",1
"8059.23	",1
"8059.24	",1
"8059.25	",1
"8059.26	",1
"8059.27	",1
"8059.28	",1
"8059.29	",1
"8059.3	",1
"8059.31	",1
"8059.32	",1
"8059.33	",1
"8059.34	",1
"8059.35	",1
"8059.36	",1
"8059.37	",1
"8059.38	",1
"8059.39	",1
"8059.4	",1
"8059.41	",1
"8059.42	",1
"8059.43	",1
"8059.44	",1
"8059.45	",1
"8059.46	",1
"8059.47	",1
"8059.48	",1
"8059.49	",1
"8059.5	",1
"8059.51	",1
"8059.52	",1
"8059.53	",1
"8059.54	",1
"8059.55	",1
"8059.56	",1
"8059.57	",1
"8059.58	",1
"8059.59	",1
"8059.6	",1
"8059.61	",1
"8059.62	",1
"8059.63	",1
"8059.64	",1
"8059.65	",1
"8059.66	",1
"8059.67	",1
"8059.68	",1
"8059.69	",1
"8059.7	",1
"8059.71	",1
"8059.72	",1
"8059.73	",1
"8059.74	",1
"8059.75	",1
"8059.76	",1
"8059.77	",1
"8059.78	",1
"8059.79	",1
"8059.8	",1
"8059.81	",1
"8059.82	",1
"8059.83	",1
"8059.84	",1
"8059.85	",1
"8059.86	",1
"8059.87	",1
"8059.88	",1
"8059.89	",1
"8059.9	",1
"8059.91	",1
"8059.92	",1
"8059.93	",1
"8059.94	",1
"8059.95	",1
"8059.96	",1
"8059.97	",1
"8059.98	",1
"8059.99	",1
"8060	",1
"8060.1	",1
"8060.2	",1
"8060.3	",1
"8060.4	",1
"8060.5	",1
"8060.6	",1
"8060.7	",1
"8060.8	",1
"8060.9	",1
"8061	",1
"8061.1	",1
"8061.2	",1
"8061.3	",1
"8061.4	",1
"8061.5	",1
"8061.6	",1
"8061.7	",1
"8061.8	",1
"8061.9	",1
"8062	",1
"8062.1	",1
"8062.2	",1
"8062.3	",1
"8062.4	",1
"8062.5	",1
"8062.6	",1
"8062.7	",1
"8062.8	",1
"8062.9	",1
"8063	",1
"8063.1	",1
"8063.2	",1
"8063.3	",1
"8063.4	",1
"8063.5	",1
"8063.6	",1
"8063.7	",1
"8063.8	",1
"8063.9	",1
"8064	",1
"8064.1	",1
"8064.2	",1
"8064.3	",1
"8064.4	",1
"8064.5	",1
"8064.6	",1
"8064.7	",1
"8064.8	",1
"8064.9	",1
"8065	",1
"8065.1	",1
"8065.2	",1
"8065.3	",1
"8065.4	",1
"8065.5	",1
"8065.6	",1
"8065.7	",1
"8065.8	",1
"8065.9	",1
"8066	",1
"8066.1	",1
"8066.2	",1
"8066.3	",1
"8066.4	",1
"8066.5	",1
"8066.6	",1
"8066.7	",1
"8066.8	",1
"8066.9	",1
"8067	",1
"8067.1	",1
"8067.2	",1
"8067.3	",1
"8067.4	",1
"8067.5	",1
"8067.6	",1
"8067.7	",1
"8067.8	",1
"8067.9	",1
"8068	",1
"8068.1	",1
"8068.2	",1
"8068.3	",1
"8068.4	",1
"8068.5	",1
"8068.6	",1
"8068.7	",1
"8068.8	",1
"8068.9	",1
"8069	",1
"8069.1	",1
"8069.2	",1
"8069.3	",1
"8069.4	",1
"8069.5	",1
"8069.6	",1
"8069.7	",1
"8069.8	",1
"8069.9	",1
"8070	",1
